84-223
ANDRYCHÓW
ANIELIN
Aalborg
Aalborg Øst
Aalborg, Dania
Aarhus
Aarhus C
Aarhus C, Dania
Aarhus N
Abramów
Adamowa Góra
Adamowo
Adamów
Adamówka
Adolfów
Albertów
Aleksandria
Aleksandria I
Aleksandria Pierwsza
Aleksandrowo
Aleksandrów
Aleksandrów Kujawski
Aleksandrów Łódzki
Alwernia
Anastazew
Andrychów
Andrzejewo
Anielin
Anielin Kępa
Aniołka Parcele
Antonielów
Antoniów
Arłamów
Augustowo
Augustów
Augustówek
BARANÓW
BEŁCHATÓW
BIAŁA PODLASKA
BIAŁY DWÓR
BOBOWA
BRODY
BRZOSTOWO
BRZOZÓW
BRZOZÓWKA
BUKOWSKO
BYDGOSZCZ
Baar
Babiak
Babice
Babienica
Babimost
Babin
Babięty
Babięty Wielkie
Babki
Babki Gąseckie
Bachmatówka
Bachorzyn
Bajdy
Bajtkowo
Bakaniuk
Bakałarzewo
Balczewo
Balice
Balin
Banachy
Banie Mazurskie
Baniewice
Baniewo
Banino
Baniocha Solec
Baranowo
Barce
Barchlin
Barciany
Barcin
Barcin Wieś
Barczewo
Barczyzna
Bardo
Bargłów Dworny
Barkowice
Barlewice
Barlinek
Barnisław
Barnówko
Bartochów
Bartodzieje Przerębskie
Bartoszewice
Bartoszki
Bartoszyce
Bartoszówka
Bartołty Wielkie
Bartąg
Bartłomiejowice
Baruchowo
Barwik
Barwino
Barycz
Barzkowice
Barłożno
Baszyn
Baszyny
Batkowo
Batorowo
Bałdowo
Bałdrzychów
Bałki
Bałtów
Bańska Niżna
Bechcice - Parcela
Bechcice - Wieś
Bedlno
Bedlno Radzyńskie
Bednarze
Beleń
Belno
Berlin
Berzyna
Bestwinka
Bezrzecze
Bełchatów
Bełchatów. pgegiek.pl+1
Bełchów
Bełszewo
Bełzyce
Bełżec
Bełżyce
Biała
Biała Druga
Biała Nyska
Biała Panieńska
Biała Piska
Biała Podlaska
Biała Rawska
Biała Woda
Białczyk
Białczyn
Białe Błota
Białe Piątkowo
Białka
Białki
Białków
Białobrzegi
Białobłocie
Białogard
Białogrądy
Białowice
Białośliwie
Białuty
Biały Bór
Biały Dwór
Biały Zdrój
Białystok
Białęcino
Białężyn
Bibianów
Bicz
Bidzińszczyna
Biechówko, Lipie
Biecz
Biedaszki
Biedkowo
Bieganowo
Bielanka
Bielany Wrocławskie
Bielawa
Bielawki
Bielawy
Bielcza
Bieleckie Młyny
Bielewo
Bielice
Bielikowo
Bielnik Pierwszy
Bielsk
Bielsk Podlaski
Bielsko
Bielsko - Biała
Bielsko-Biała
Bielsko-Biała. edisonnext.pl+1
Bielszczyzna
Bieniowice
Bierdzany
Bierkowice
Bierkowo
Biernacice
Biernatki
Bieruń
Biery
Bierzwienna Długa
Bierzwienna Długa Kolonia
Bierzwienna Długa-Kolonia
Biesal
Biesiadki
Biesowice
Bietowo
Biezdrowo
Bieździadka
Bieździedza
Bieżuń
Bilno
Bilsko
Biskupice
Biskupice Ołoboczne
Biskupice Zabaryczne
Biskupie
Biskupiec
Biskupiec Kolonia Pierwsza
Biskupin
Biszcza
Biłgoraj
Bladowo
Bledzew
Blenda
Bliskowice
Bliżyce
Bobowo
Bobrowa
Bobrowa Wola
Bobrowiec
Bobrownickie Pole
Bobrowniki
Bobrowo
Bobrzany
Bobrówko
Bochnia
Bodzanowo
Bogacka Szklarnia
Bogaczów
Bogatka
Bogatynia
Bogdaniec
Bogdanka
Bogdany
Boguchwała
Boguchwałowice
Bogucice
Bogucice Pierwsze
Bogumiłowice
Bogumiłów
Boguszewo
Boguszyn
Boguszyniec
Bogusław
Bogusławice
Bolechowo-Osiedle
Boleszyn
Boleszyn dystrybucja.biogal.pl / KRS-pobierz
Bolesław
Bolesławiec
Bolimowska Wieś
Bolimów
Bolszewo
Bolumin
Bolęcin
Bonarów
Boniewo
Bonów Kolonia
Boraszyce Wielkie
Borek Czarniński
Borek Stary
Borek Strzeliński
Borek Szlachecki
Borek-Zabornia
Borek-Zabronia
Borki
Borki Małe
Borki Prusinowskie
Borki Wielbarskie
Borkowo
Borkowo Lęborskie
Borkowo Wielkie
Borne Sulinowo
Borowa
Borowa-Krzyżówki
Borowianka
Borowina Sitaniecka
Borownica
Borowo
Boruja Kościelna
Boruja Nowa
Borzykowa
Borzykowo
Borzymin
Borzymin, Cetki
Borzyszkowy
Borzytuchom
Boćwinka
Boże
Bożejewice
Bożepole Małe
Bożnów
Bralin
Bralęcin
Bramka
Braniewo
Bratian
Bratkowice
Bratków
Bratuszewo
Bratysława
Brdów
Breń
Brochów
Broczyno
Brodnica
Brodowo
Brody
Brodów
Brok
Brokęcino
Broniewek
Broniewek, Pławki
Bronikowo
Bronisław
Bronisławie, Kraszewo
Bronisławów
Bronowice
Bronowo
Bronów
Bronówek
Brożajcie
Brudnice
Brudzew
Brudzewice-Kolonia
Brudzewo
Brudzeń Duży
Brunów
Bruszczewo
Brwinów
Bryki
Brylewo
Brynica
Brzeg
Brzeg Dolny
Brzegi
Brzeski Kołaki
Brzeski-Kołaki
Brzesko
Brzeszcze
Brzezie
Brzezinki
Brzeziny
Brześć Kujawski
Brzeźnica
Brzeźnica Leśna Kolonia
Brzeźnik
Brzeźno
Brzeźno Szlacheckie
Brzostowo
Brzoza
Brzozowa Gać
Brzozowiec
Brzozowo
Brzozów
Brzozówka
Brzustów
Brzóza
Bród
Brąchnówko
Bucze
Buczek
Buczyna
Budapest, Węgry
Budków
Budno
Budy
Budy Stare
Budziechów
Budziska
Budziszewice
Budzisław Nowy
Budzyń
Budzów
Bujały
Bujnowo
Buk
Bukowica
Bukowice Bukowice
Bukowiec
Bukowiec Górny
Bukowina Bobrzańska
Bukowno
Bukowo Morskie
Bukowska Wola
Bukowski Las
Bukowsko
Bukówka
Bursztynowo
Burwin
Burzenin
Busina Kolonia
Busko-Zdrój
Buszkowo
Buszów
Bychawa
Bychowo
Bycz
Byczyna
Bydgoszcz
Bystre
Bystrzyca
Bystrzyca Kłodzka
Byszewo
Byszki
Byszwałd
Bysław
Bytkowo
Bytom
Bytom. energostrefa.pl+1
Bytoń
Bytów
Bzinica Stara
Bóbrka
Bączal Dolny
Bądki
Bądkowo
Bąkowo
Bębnów
Będziemyśl
Będzin
Będzino
BŁONIE
Błaszki
Bławaty
Błażejowice
Błażkowa
Błażowa
Błonie
Błędowo
Błędów
CEDZYNA
CHRZANÓW
CHYLICE
CIASNA
CIERZNIE
CYCHRY
CZACHOROWO
CZARNA GÓRNA
CZARNKÓW
CZĘSTOCHOWA
Cadów
Całowanie
Całownia
Cedzyna
Cegielnia
Cegielnik
Cekanowo
Celestynów
Cewlino
Chachalnia
Charbice Dolne
Charbice Górne
Charzyno
Chałupki
Chałupki Dębniańskie
Chałupy
Chańcza
Chechło Pierwsze
Chełm
Chełm Gryficki
Chełmce
Chełmek
Chełmno
Chełmża
Chełstówek
Chlebnia
Chlewiska
Chlewo
Chmielnik
Chmielów
Chocianowice
Chocianowiec
Chocianów
Chociemyśl
Chociule
Chociwel
Choczewo
Choczeń
Chocznia
Chodecz
Chodory
Chodzież
Chodzież Podanin
Chojnice
Chojniczki
Chojniki, Grubsko
Chojnowo
Chojny
Chojnów
Chojęcin
Cholerzyn
Chomentów
Chomino
Choroszcz
Chorula
Chorzele
Chorzenice
Chorzewo
Chorzów
Chorzów ce-operator.pl / imsig.pl
Chorzęcin
Chorzępowo
Choszczewo
Chośnica
Chromowola
Chrostkowo Nowe
Chrośna
Chrzanowo
Chrzanów
Chrzanów Duży
Chrzczany
Chrzczonki
Chrząstkowo
Chrząstowice
Chrząstowo
Chróścice
Chudek
Chudobczyce
Chwarszczany
Chwaszczyno
Chwałkowo
Chwałowice
Chwiram
Chyczewo
Chylin
Chyżne
Chądzyny-Kuski
Chłapowo
Chłopowo
Chłądowo
Ciasna
Cibórz
Cichawa
Cicibór Duży
Ciechanowice
Ciechanowiec
Ciechanów
Ciechanówko - Kurojady
Ciechno
Ciechocinek
Ciecholub
Ciecierzyce
Ciecierzyn
Cieciszów
Cieklin
Cielcza
Ciele
Cielęta
Ciemnik
Ciemnoszyje
Cienia Druga
Cienia Pierwsza
Cienin Zaborny
Ciepielew
Ciepielowice
Ciepielów
Cieplówek
Ciepła
Ciernie
Cierznie
Cieszanowice
Cieszki
Cieszowa
Cieszyn
Ciesław
Cieśle
Cigacice
Cimochy
Ciosmy
Cisew
Cisowo
Cisów
Cmolas
Courbevoie, Francja
Cuple
Curyn
Cychry
Cyców
Cyganka
Czachorowo
Czachówki
Czaje i Małyszczyn
Czajków
Czaniec
Czapiewice
Czapla
Czaple
Czaplin Mały
Czarkowy Grąd
Czarna Białostocka
Czarna Dąbrówka
Czarna Górna
Czarna Sędziszowska
Czarnca
Czarne
Czarne Błoto
Czarne Małe
Czarnia
Czarnków
Czarnocin
Czarnolas
Czarnotki
Czarnowo
Czarnowo - Biki
Czarnożyły Opojowice
Czarnylas
Czarnówko
Czarże
Czechowice - Dziedzice
Czechowice-Dziedzice
Czekanów
Czeladź
Czermno
Czermno-Kolonia
Czernice
Czerniejew
Czerniewice
Czernikowo
Czernin
Czerwieńczyce
Czerwona Woda
Czerwonak
Czerwonka
Czerwonka Gozdów
Czerwonka Stara
Czerwonka-Folwark
Czosnów
Czosnówka
Czołowo
Czudec
Czystochleb
Czyżew
Czyżew-Chrapki
Czyżew-Sutki
Czyżew-Sutki Majątek
Czyżewo
Czyżowice
Czyżyki
Cząstków Mazowiecki
Częstochowa
Częstochowa unimot.pl / oneplace.marketplanet.pl
Częstochowa. Polontex S.A.+1
Człekówka
Człuchów
DYDNIA
Dachnów
Dalanówek
Dalborowice
Dalekie
Daleszyce
Dalików
Dalków
Dalsze
Damienice
Daniszew
Daniszewice
Daniłowo
Daniłówka
Danków Mały
Danowo
Dargomyśl
Dargoszewo
Darłowo
Darżyno
Dasze
Daszyna
Debrzno
Deksyty
Derc
Dereźnia Solska
Dmenin
Dmochy Rodzonki
Dmosin
Dobcza
Dobczyce
Dobiegniew
Dobierzyn
Dobieszczyzna
Dobieszyn
Dobieżyn
Dobino
Dobra
Dobrcz
Dobre
Dobre Miasto
Dobrodzień
Dobroszów Wielki
Dobrut
Dobrynka
Dobryszyce
Dobryń - Kolonia
Dobryń Duży
Dobryń Kolonia
Dobryń-Kolonia
Dobrzany
Dobrzejewice
Dobrzelewice
Dobrzelin
Dobrzewino
Dobrzeń Wielki
Dobrzyca
Dobrzyniówka
Dobrów
Dobużek
Dokudów Drugi
Dolice
Dolina Chochołowska
Dolnik
Dolny Brzeg
Dolsk
Dolęcino
Domaniew
Domaniewice
Domanowice
Domaradz
Domaszczyn
Dominów
Donaborów
Dopiewo
Dołha
Dołhołęka
Dołuje
Doły Biskupie
Drawski Młyn
Drawsko
Drawsko Pomorskie
Drelów
Dretynek
Drezdenko
Dreństwo
Droblin
Drobnice
Drobnice 81
Drogomil
Drogosław
Drugnia
Drużno
Drużyny
Drzenkowice
Drzewce
Drzewce Drzewce
Drzewiany
Drzewica
Drzeżewo
Drzymałowo
Drążna
Dubeczno
Dubiny
Dublin 2, Ireland
Dubów
Duczki
Dunino
Dusocin
Duszniki
Duszniki-Zdrój
Duża Wola
Dwikozy
Dworzysko
Dybków
Dydnia
Dygowo
Dylewo
Dymek
Dys
Dzbanów
Dziadkowice
Dziadowice
Dziarny
Dziarnówko
Działdowo
Działoszyn
Działoszyn Trębaczew
Dziedzice
Dziekanowice
Dziemiany
Dziemiony
Dziepółć
Dzierzgówek
Dzierzążenko
Dzierżoniów
Dziećmiarowice
Dzikowo
Dziwogóra
Dzięczyna
Düsseldorf
Düsseldorf, Niemcy
DĄBRÓWKA WISŁOCKA
DĄBRÓWKI
Dąbcze
Dąbie
Dąbki
Dąbrowa
Dąbrowa Biskupia
Dąbrowa Chełmińska
Dąbrowa Górnicza
Dąbrowa Nowogardzka
Dąbrowa Rusiecka
Dąbrowa nad Czarną
Dąbrowica
Dąbrowice
Dąbrowy
Dąbrówka
Dąbrówka Barcińska
Dąbrówka Królewska
Dąbrówka Mała
Dąbrówka Wielkopolska
Dąbrówka Wisłocka
Dąbrówka Wyłazy
Dąbrówka-Strumiany
Dąbrówka-Wyłazy
Dąbrówki
Dębe Wielkie
Dębica
Dębienko
Dębina
Dęblin
Dębnica
Dębnica Kaszubska
Dębnik
Dębniki
Dębno
Dębogard
Dębogóra
Dębogórze
Dęborzeczka
Dęborzyn
Dębowa Kłoda
Dębowa Łęka
Dębowiec
Dębowo
Dębowy Gaj
Dębrznik
Dęby
Dęby Szlacheckie
Dębówko
Długa Goślina
Długa Wieś
Długa Wieś Trzecia
Długi Kierz
Długi Kąt
Długi Kąt - Osada
Długie
Długobórz Pierwszy
Długopole Dolne
Długołęka
Dłutów
Dłutów Pawłówek
Dźwierzchno
Elbląg
Elzanowo
Elżbiecin
Emilianowo
Eminów
Erazmów
Erminów
Espoo
Essen
EŁK
Ełdyty Wielkie
Ełk
Fabianki
Fałkowo
Feliksów
Filipów Trzeci
Florianów
Folwark-Berżniki
Frampol
Franciszkowo
Franki
Fredericia, Dania
Frednowy
Frydrychowo
GDAŃSK
GLIWICE
GNOJNIK
GOCZAŁKOWICE-ZDRÓJ
GOLISZEW
GORLICE
GORZÓW WIELKOPOLSKI
GOTKOWICE
Gadów
Gaj
Gaj Oławski
Gaj Wielki
Gajewniki
Galewice
Galów
Garbas Drugi
Garbatka
Gardno
Garnek
Garno
Garwolin
Gazomia Stara
Gać
Gałwuny
Gałęzewice
Gdańsk
Gdańsk fortum.pl
Gdańsk grupa.energa.pl
Gdańśk
Gdynia
Geneva
Genewa
Genua
Gertrudów
Gidle
Giebnia
Giebułtów
Gietrzwałd
Giełczyn
Giełzów
Gile
Gisiel
Giżycko
Giżyn
Gleźno
Glina
Gliniczek
Glinik
Glinik Dolny
Gliniszcze Wielkie
Glinka Duchowna
Glinki
Glinki Mokre
Glinno
Glinojeck
Gliny
Glitajny
Gliwice
Gliwice. site:site_title+1
Gliznowo
Glińsk
Gliśnica
Glądy
Gnatowice Stare
Gniazdów
Gniew
Gniewkowo
Gniewoszków
Gniewoszów
Gniezno
Gnieździska
Gnojnik
Goczałkowice-Zdrój
Godkowo
Godziesze Małe
Godziesze Wielkie
Godziszewy
Godziszka
Godziętowy
Godów
Gogolewo
Gola
Golce
Golczewo
Golenice
Goleniów
Golesze
Goleszów
Goleńsko
Golice
Golina
Golina Wielka
Goliszew
Golska Huta
Golub-Dobrzyń
Goniembice
Gorajec
Gorajec Stara Wieś
Gorczenica
Gorczyn
Gorlice
Goryń
Gorzanów
Gorzewo
Gorzuchowo
Gorzupia
Gorzupia Dolna
Gorzyca
Gorzyce
Gorzyce. Federal-Mogul+1
Gorzów Wielkopolski
Gorzów Wlk.
Gorzów Wlkp
Gorzów Wlkp.
Gorzów Wlkp. rseoperator.pl / ebok.rseoperator.pl
Gorzów Śląski
Gostków
Gostyczyna
Gostynin
Gostyń
Gostyń Malewo
Goszcz
Goszczewice
Goszków
Gotartów
Gotkowice
Gowarczów
Goworki
Gozdnica
Gozdów
Gołaszewo
Gołaszyn
Gołkowice
Gołkowice Dolne
Gołocin
Gołogóra
Gołuchów
Gołąb
Gołębiewo
Gościcino
Gościejew
Gościejewice
Gościejewo
Gościeradz
Gościeradów-Folwark
Gościeszowice
Gościeszyn
Gościno
Gościszewo
Gościęcino
Goślice
Goździówka
Grabanów
Grabienice
Grabik
Grabiszew
Grabki Duże
Grabnik
Grabno
Grabonóg
Graboszewo
Grabowiec
Grabowno Wielkie
Grabowo
Grabowo-Kolonie
Graby
Grabów
Grabów Wójtostwo
Grabówka Kolonia
Grabówno
Gradowice
Gradowo
Grajewo
Gralewo
Granowo
Grobia
Grochowalsk
Grochowce
Grochówek
Grodziczno
Grodziec
Grodzisk
Grodzisk Mazowiecki
Grodzisk Mazowiecki Urszulin
Grodzisk Wielkopolski
Grodzisko
Grodzisko Dolne
Grodziszcze
Grodzki Młyn
Grom
Gromadno
Gromiec
Gromki
Gromodzin
Gronówko
Grotniki
Gruczno
Grudna Górna
Grudusk
Grudza
Grudziądz
Grudziądz Lisie Kąty
Grunajki
Gruszczyn
Gruszewnia
Gruszów
Gruzka
Gryfice
Gryfino
Grygrów
Grylewo
Gryźliny
Gryźnliny
Gryżliny
Grzebowilk
Grzegórzki
Grzmiąca
Grzybiany
Grzybno
Grzybowo
Grzybów
Grzymysławice
Grzywna
Grzędy Górne
Gródek
Grójec
Grójec Wielki
Grąbków
Grądy
Grądy-Możdżenia
Grębocin
Gubin
Gudzisz
Guja
Gumienice
Gurcz
Gutarzewo
Gutkowo
Guty
Guzy
Gzin
Gzów
GÓRKI
Góra
Góra Kalwaria
Góra Św. Anny
Góra Świętej Anny
Górażdże
Górażdże Chorula
Górka
Górka Kocka
Górka Kocka Kolonia
Górki
Górki Borze
Górki Grabińskie
Górne Wymiary
Górno
Góry Mokre
Górzna
Górzno
Górzno Wybudowanie
Górzno-Wybudowanie
Górzyca
Górzyn
Gąbinek
Gądków Wielki
Gąsawy Rządowe
Gąsiorowo
Gąski
Gębice
Gęsówka
GŁOGÓW MAŁOPOLSKI
GŁOGÓWEK
GŁUCHÓW
Głażewo-Święszki
Głodowo
Głogoczów
Głogowiec
Głogowiniec
Głogowo
Głogów
Głogów Małopolski
Głogówek
Głowińsk
Głowno
Głuchołazy
Głuchów
Głusino
Głuszyn
Głuszynek
Głóski
Główczyn
Główiew
Głębockie Pierwsze
Głębocko
Głęboki Rów
HERMANOWICE
HORNÓWEK
HUSÓW
Hadle Szklarskie
Haga
Hajduki Nyskie
Hajnówka
Handle Szklarskie
Harklowa
Hawłowice
Hażlach
Hedwiżyn
Helenowo
Helenów
Helenów Pierwszy
Henrykowo
Henryków
Herby
Hermanów
Hiszpania
Holendry
Holendry Baranowskie
Horbów - Kolonia
Hołny Wolmera
Hołody
Hrubieszów
Hryniewicze
Hucisko
Humin
Huszlew
Husów
Huta
Huta Bardzyńska
Huta Nowa
Huta Przedborska
Huta Stara
Huta Strzyżewska
Huta Szklana
Hutki
INWAŁD
Idzikowice
Igliczyzna
Ignalin
Ignatki
Ignatki-Osiedle
Ilecko
Ilino
Imielenko
Imielin
Imielnia
Inowrocław
Inowłódz
Inwałd
Iskrzynia
Iwiczno, Dąbrowa
Iwno
Iwowe
Izabelin
Izabelin B
Izabelin C
Izabelin Klaudyn
Izabelów
Izbica
Izbica Kujawska
Izdebki
Izdebnik
Izdebno
Iława
Iłówiec
Ińsko
JABŁONKA
JACKOWO WŁOŚCIAŃSKIE
JAROCIN
JAROSŁAW
JASIN
JASIONKA
JASŁO
Jabramowo
Jabłoniec
Jabłonka
Jabłonowo Zamek
Jabłoń-Śliwowo
Jabłów
Jacewo
Jachimowice
Jackowo
Jackowo Włościańskie
Jadowniki
Jadwigów
Jagodne
Jajkowice
Jakubowo
Jakubowskie
Jakuszów
Jamienko
Jamnica
Jamy
Janczyce
Janiki
Janikowo
Janików
Janinów
Janiszew
Janiszewo
Janki
Jankowice
Jankowo
Janków
Janowice Wielkie
Janowiec Wielkopolski
Janowo
Januszkowice
Januszkowo
Januszówka
Janów
Janów Lubelski
Janów Podlaski
Janówek
Janówka
Jaracz
Jarandowo
Jaranowo
Jarczewo
Jarnuty
Jarocin
Jarogniew
Jarogniewice
Jarosty
Jaroszewo
Jarosław
Jarosławice
Jarosławsko
Jarszewko
Jaryszewo
Jarząbki
Jarzębowo
Jasienica Rosielna
Jasień
Jasin
Jasionka
Jasionowiec
Jaskra
Jasnopole
Jastrowie
Jastrzębce
Jastrzębia Stara
Jastrzębie
Jastrzębie - Zdrój
Jastrzębie Zdrój
Jastrzębie-Zdrój
Jastrzębniki
Jasło
Jawczyce
Jawor
Jawornik
Jawory
Jaworznik
Jaworzno
Jazików
Jaśki
Jaśkowice
Jaślany
Jaśliska
Jaźwiska
Jedlanka
Jedlec
Jedlice
Jedlina-Zdrój
Jedlińsk
Jedllińsk
Jedlno Pierwsze
Jednorożec
Jedwabne
Jedwabno
Jegliniec
Jelcz-Laskowice
Jelenia Góra
Jelenia Góra. ecosa.pl+1
Jeleniów
Jeleńcz
Jelitów
Jelnica
Jelno
Jemielnica
Jemielno
Jemiołowo
Jerka
Jerutki, Jeruty
Jeruty
Jeziernia
Jeziorany
Jeziorki
Jeziorko
Jezioro
Jeziorowskie
Jeziorzany
Jeziorzec
Jeżewo
Jeżewo Stare
Jeżowe
Jodłowa
Jonkowo
Jordanów
Julia
Julianów
Juliopol
Julków
Junno
Jurowce
Juszkowo
Józefatów
Józefin
Józefowo
Józefów
Józin
Jędrychowice
Jędrzejów
Jędrzychowice
KALISZ
KALWARIA ZEBRZYDOWSKA
KAMIENIEC ZĄBKOWICKI
KAMIENNA GÓRA
KATOWICE
KAŃCZUGA
KIELCE
KLĘKA
KOKOSZCZYN
KOLBUSZOWA
KOLONIA OSIEK
KONIECWAŁD
KONIN
KOSTAROWCE
KOSÓW LACKI
KOŁODZIEJOWY GRAD
KOŹMINIEC
KRAKÓW
KRAPKOWICE
KRASZEWICE
KROSNO
KRZESZOWICE
KRZESZOWICE,
KUKLINÓW
Kabikiejmy Dolne
Kacprowo
Kaczanowo
Kaczek
Kaczkowo
Kaczorowy
Kaczory
Kaczyce
Kadzewo
Kajetany
Kajetanów
Kalenice
Kalety
Kaleń
Kaleń Drugi
Kaleń Pierwszy
Kalina Mała
Kalinki
Kalinowa
Kalinowice
Kalinowiec
Kalinowo
Kalinówka
Kaliska
Kalisz
Kalisz Pomorski
Kaliszki
Kaliszkowice Ołobockie
Kaliłów
Kalska Wola
Kalskie Nowiny
Kalsko
Kalwaria Zebrzydowska
Kamela
Kamienica
Kamienica Królewska
Kamienna
Kamienna Góra
Kamienna Knieja
Kamienna Stara
Kamień
Kamień Pomorski
Kamień Śląski
Kamieńczyk
Kamieńsk Danielów
Kamieńskie Młyny
Kamieńszczyzna
Kamion
Kamionka
Kamionka Nowa
Kamionka Stara
Kamlarki
Kamyk
Kandyty
Kapice
Kaplanosy
Kaptury
Karaś
Karbowo
Karczew
Karczewice
Karczmiska Karczmiska Pierwsze
Kargał Las
Kargoszyn
Kargowa
Karkowo
Karlików
Karlino
Karlsruhe
Karnice
Karnkowo
Karnkowskie Rumunki
Karnowo
Karolew
Karolewo
Karolinki
Karolków Szwarocki
Karpacz
Karpicko
Karpin
Karsin
Karsinka
Karsy
Karsznice
Kartuzy
Karwacz
Karwiniec
Karwosieki-Noskowice
Karzec
Kasinka Mała
Kaszewice
Kaszewy Dworne
Kaszyce
Katarzyna
Katarzynin
Katowice
Katowice cieplo.tauron.pl / BIP
Katowice grupaenergianovage.pl / KRS-pobierz
Katy
Kawcze
Kawczyn
Kazimierowo
Kazimierz
Kazimierza Wielka
Kazimierzew
Kaziopole
Kazmierzów
Kazubek
Kałduny
Kałków
Kałęczyny
Kańczuga
Kańkowo
Kaźmierz
Kcynia
Kicin
Kiczmachów
Kiedrowice
Kiejsze
Kiekrz
Kielce
Kielczany
Kiertyny Małe
Kiertyny Wielkie
Kierwiny
Kierzbuń
Kietrz
Kiełbasin
Kiełbowo, Łempin
Kiełcz
Kiełczew Smużny Czwarty
Kiełkuty
Kiełpin
Kiełpiny
Kieźliny
Kieżliny
Kifissia Attiki
Kije
Kijewo
Kijewo Szlacheckie
Kiki
Kikół
Kiniki
Kisielany-Żmichy
Kisiele
Kisielice
Kiszkowo
Klaudyn
Klawek
Kleinostheim,Niemcy
Klejniki
Klejwy
Kleniew
Kleosin Ignatki
Kleszczele
Kleszczów
Kleszczów Bogumiłów
Kliczków
Klimki
Klimkowicze
Klimkowo
Klimy
Kliny
Klisino
Kliszkowice
Kliszów
Klocek
Klon
Klonownica
Klonownica Mała
Klonowy Dwór
Klonówiec
Klonówka
Kluczbork
Klucze
Klucze Klucze-
Kluczewsko
Kluki
Klęczany
Klęczkowo
Klęka
Klępie Dolne
Knapy
Knipy
Knurów
Knyszyn
Kobiernice
Kobierniki
Kobierzyce
Kobierzyce Biskupice Podgórne
Kobyla Kępa
Kobylanka
Kobylin
Kobylnica
Kobylniki
Kobyłka
Kocewia Duża
Kochcice
Kock
Kock Rolny
Kocudza Druga
Kocudza Trzecia
Koczergi
Kodrąb
Kokorzyce
Kokoszczyn
Kokoszki
Kokotów
Kolankowo
Kolanowice
Kolbuszowa
Kolbuszowa Góra
Kolbuszowa Górna
Kolincz
Kolno
Kolonia
Kolonia - Bechcice
Kolonia Gałkowice
Kolonia Józefina
Kolonia Konary
Kolonia Kruszewiec
Kolonia Lipsk
Kolonia Mazew
Kolonia Miklesz
Kolonia Nieszawa
Kolonia Osiek
Kolonia Pęcławska
Kolonia Wawrzyszków
Kolonia Zachorzów
Kolonia Zamek
Kolonia Ziębów
Kolonia Śląsko
Kolonie Lipsk
Kolonie Stanisławów
Kolonowskie
Kolsko
Koluszki
Komarowo
Komarów Wieś
Komorniki
Komorno
Komorowo
Komorów
Komunin Nowy
Konary
Konarzew
Konarzyce
Kondratowice
Koneck
Koniecki-Rostroszewo
Koniecwałd
Konieczno
Koniewo
Konin
Konin Żagański
Koninko
Koniowo
Konity
Koniusza
Koniówka
Konojad
Konopczyn
Konopiska
Konopki Młode
Konopnica
Konotopie
Konradowa
Konradów
Konstancin - Jeziorna
Konstancin-Jeziorna
Konstantynowo
Konstantynów Łódzki
Kopaniny
Kopczany
Kopenhaga V
Kopice
Kopijki
Koprzywnica
Kopydłowo
Kopytnik
Kopytów
Korabiewice
Korablew
Korczowa
Korczyna
Korczów
Kornice
Korolówka Kolonia
Korolówka-Kolonia
Koronowo
Korpele
Korpele-Strefa
Korytnica
Korytno
Korzecko
Korzkwy
Kosewo
Kosewo Górne
Kosieczyn
Kosin
Kosinowo
Kosiny Bartosowe
Kosny
Kosowy
Kostkowice
Kostomłoty
Kostrzyn
Kostrzyn Nad Odrą
Kostrzyn n/Odrą
Kostrzyn nad Odrą
Kostów
Kosuty
Koszalin
Koszanowo
Koszelewy
Koszelówka
Koszoły
Kosztowo
Koszyce
Koszęcin
Kosów Lacki
Kotkowo
Kotlin
Kotowiecko
Kotowo
Kotunia
Kotunia Kotunia
Kotórz Mały
Kowal
Kowala
Kowalewek
Kowalewice
Kowalewice Nowe
Kowalewo
Kowalewo Pomorskie Wielkie Rychnowo
Kowalków
Kowalów
Kowalówka
Kowanówko
Kowiesy
Kownacica
Kownaciska
Kownaty
Kownaty Żędowe
Kozanki Podleśne
Kozanki Wielkie
Kozarzewek
Kozia Wola
Kozice
Koziebrody
Kozienice
Kozienice 1
Koziki
Kozin
Koziołki
Kozodrza
Kozowo
Kozubiec
Kozy
Kozłowo
Kozłów Szlachecki
Kołaczkowo
Kołbaskowo
Kołbiel
Koło
Kołobrzeg
Kołodziejowy Grąd
Kołoniec
Kończyce
Końskie
Końskie Kopaniny
Kościan
Kościelec Kolonia
Kościelna Wieś
Kościelnik
Kościerzyn Wielki
Kościerzyna
Kościuszków
Koślinka
Kośminy
Koźlice
Koźmin Wielkopolski
Koźminek
Koźminiec
Kożuchy
Kożuchy Wielkie
Kożuchów
Krajenka
Kraków
Kramsk
Kramsk-Łęgi
Kranek
Krapkowice
Krasin
Kraski
Krasne
Krasne Dłusko
Krasne Potockie
Krasnopol
Krasnystaw
Krasocin
Krasowo-Częstki
Kraszewice
Kraszewo-Czubaki
Krawieczyn
Kraśniany
Kraśnica
Kraśniewo
Kraśnik
Kraśnik Koszaliński
Kraśnika
Kraśniów
Kretlewo
Krobia
Krokowa Kartoszyno
Krosno
Krosno Odrzańskie
Krosnowa
Krosnowice
Krotoszyn
Krościna Wielka
Krośniewice
Krsko, Slovenia
Krubin
Krukowo
Krupiec
Krupski Młyn
Kruszewnia
Kruszewo
Kruszwica
Kruszyn
Kruszyn Krajeński
Kruszyna
Kruszynki, Kruszyny Szlacheckie
Kruszyny
Kruszyny Szlacheckie
Krwony
Krynica
Krynica - Zdrój
Krynica-Zdrój
Krypno Wielkie
Krzczonów
Krzeczyn Wielki
Krzemienica
Krzemieniew
Krzemieniewo
Krzemionka
Krzemlin
Krzepielów
Krzeszowice
Krzeszów Górny
Krzewina
Krzycko Wielkie
Krzydłowice
Krzykosy
Krzynia
Krzywda
Krzywe
Krzywiń
Krzywopłoty
Krzywowola
Krzywołęcz
Krzyż Wielkopolski
Krzyż Wielkopolski Huta Szklana
Krzyżanowo
Krzyżanów
Krzyżanówek
Krzyżewo
Krzyżowice
Krzyżówka
Krzęcin
Królewiec
Królewo
Królewo Malborskie
Królikowo
Królów Las
Krąg
Krągola
Krąpiel
Krąplewice
Krąplewo
Krępa - Parcele
Krępa Górna
Krępa Kaszubska
Krępa Parcele
Krępice
Krępiec
Krężnica Okrągła
Książ Śląski
Książe-Skroniów
Książenice
Książnik
Księżomierz Kolonia
Kucerz
Kuchary
Kuczwały
Kuczyn
Kuczyńskie
Kudowa Zdrój
Kudowa-Zdrój
Kujakowice Górne
Kujawy
Kukinka
Kukowo
Kuków
Kulczyzna
Kulice
Kuligi
Kumajny
Kunice
Kuniów
Kunowice
Kunowo
Kupientyn
Kupientyn-Kolonia
Kurabka
Kuriany
Kuriany, Halickie
Kurowice
Kurowo
Kurzyna Średnia
Kusin
Kuszyn
Kutno
Kuzki
Kuźnia Kolonia
Kuźnica Czarnkowska
Kuźnica Kiedrzyńska
Kuźnik
Kuźniki
Kwiatkowo
Kwiatkówka
Kwidzyn
Kwików
Kwilcz
Kwilno
Kwity
København K
Kąkolewo
Kąkolówka
Kąsie
Kąty
Kąty Nowe
Kąty Wrocławskie
KĘPNO
KĘTY
Kębłowo
Kębłowo Nowowiejskie
Kędzierzyn
Kędzierzyn - Koźle
Kędzierzyn Koźle
Kędzierzyn- Koźle
Kędzierzyn-Koźle
Kępa
Kępa Bogumiłowicka
Kępa Borzechowska
Kępa Górna
Kępa Kujawska
Kępice
Kępie
Kępina
Kępka
Kępno
Kęszyce - Wieś
Kętrzyn
Kętrzyno
Kęty
Kłaj
Kłaj Targowisko
Kłobuck
Kłoda
Kłodawa
Kłodzin
Kłodzko
Kłokock
Kłonowo
Kłębanowice
Kłębowiec
Kłęby
LEGIONOWO
LIBERTÓW
LINOWIEC
LIPIE ŚLĄSKIE
LIPSKO
LISIA GÓRA
LUBAWKA
LUBINICKO
LUBLIN
Langowo
Laski
Laskowa
Lasków
Lasoty
Lasowice
Latosówka
Lauda
Legionowo
Legionowo. pec.com.pl+1
Legnica
Leiden
Leipzig
Lekity
Lemierzyce
Leoncin
Leonowo
Lepsze
Lesk
Lesko
Leszczawa Dolna
Leszcze
Leszczyna
Leszczyny Duże
Leszno
Leszno Dolne
Leszno Górne
Lewice
Lewickie-Stacja
Lewiczyn
Lewkowo Nowe
Lewkowo Stare
Leśnice
Leśniewo
Leśniów Mały
Leśno Górne
Leźno
Leżachów
Leżajsk
Libertów
Libidza
Libiszów Kolonia
Licheń
Licheń Stary
Liciszewy
Lidzbark Warmiński
Ligota Dobrodzieńska
Ligota Polska
Ligota Toszecka
Ligota Wielka
Ligotka
Limanowa
Lindów
Linia
Linie
Linowiec
Linów
Lipce Reymontowskie
Lipia Góra
Lipicze
Lipie
Lipinki
Lipiny
Lipiny Szczerkowo
Lipka
Lipnica Dolna
Lipniki Stare
Lipno
Lipno Wieś
Lipowiec
Lipsko
Lipsko Polesie
Lisek
Lisewo
Lisiec Mały
Lisków
Lisowice
Lisowo
Lisy
Liszkowice
Litwinki
Liw
Liwcze
Lniska
Lorenki
Lorki
Lotyń
Louny
Lubaczów
Lubajny
Lubartów
Lubasz
Lubawa
Lubawka
Lubań
Lubczyna
Lubicz Dolny
Lubiechnia Wielka
Lubieniec
Lubieszewo
Lubieszów
Lubień Dolny
Lubień Kujawski
Lubień Kujawski Kaliska
Lubin
Lubinicko
Lubięcin
Lubków
Lublin
Lubliniec
Lubnica
Lubno
Lubochnia Dworska
Lubocz
Lubocześnica
Lubomierz
Lubomin Leśny
Lubomino
Lubomyśle
Lubosinek
Luboszyce
Lubowidz
Luboń
Lubrza
Lubsin
Lubstówek
Lubsza
Lubsza Psary
Lubycza Królewska
Lubówiec
Lucjanowo
Ludkowo
Ludwików
Ludwinów
Lugano, Szwajcaria
Lusówko
Lutogniew
Lutogniewice
Lutol
Lutomek
Lutomiersk
Lutosławice Szlacheckie
Lututów
Lutynia
Luzino
Lućmierz
Lwówek
Lwówek Śląski
Lądek
Lądek-Zdrój
Lębork
Lędzin
Lędziny
Lęgniszewo
MARIANKA MROCZEŃSKA
MAŁA
MICHAŁOWICE
MIECHÓW
MIELEC
MIĘKISZ NOWY
MUCHARZ
Maastricht-Airport
Machcino
Machnacz
Macoszyn Duży
Magdalenka
Magdalenka i Zalesie
Magnice
Magnuszowice
Majdan Nepryski
Majdan Nowy
Majdan Stary
Majków
Majków Średni
Makarki
Makowiska
Maksymilanów
Maków
Maków Mazowiecki
Maków Nowy
Maków Podhalański
Maków Podhalański Białka
Makówiec
Malanów
Malbork
Malborsk Tragamin
Malenia Strupiny
Malenia-Strupiny
Malenie
Malice
Malichów
Malina
Maliniak
Malinowo Stare
Maliszewo
Malutkie
Marcewek
Marcinkowo
Marcinowo
Marcinów
Marciszów
Marczów
Mareza
Margonin
Marianka
Marianowo Brodowskie
Marianów Kołacki
Marki
Markowce
Markowizna
Marszałki
Marszewo
Martynów
Marynki
Marzenin
Marzęcice
Masanów
Maszewo
Maszewy
Masów
Masłowice
Masłowo
Masłów
Maurzyce
Mazańcowice
Mazańcowice Mazańcowice
Mazurki
Maćkowice
Mała
Mała Górka
Mała Nieszawka
Małachowice Wieś
Małachowice Wieś 16
Małachów
Małe Bałówki
Małe Chełmy
Małe Czyste
Małe Gliśno, Kosobudy
Małe Raczki
Małe Radowiska
Małecz
Małkinia Górna
Małocin
Małogoszcz
Małomice
Małyszyn
Małęczyn
Małżewo
Mańkowice
Mchowo
Mediolan
Medyny
Mesznary
Miasteczko Śląskie
Miastko
Miastowice
Michalinów
Michałki Kolonia
Michałowice
Michałowo
Michałów
Michowo
Michów
Micigózd
Miechowice
Miechucino
Miechów
Miechów-Charsznica
Mieczyno
Miedziana Góra
Miedzianka
Miedzna
Miedzyrzecz
Miedźno
Miejsce Piastowe
Miejska Górka
Mielec
Mielec. Elektrociepłownia Mielec Sp. z o.o.+1
Mielec. Energia Euro Park+1
Mielno
Mierki
Mieroszyno
Mierucin
Mieruniszki
Mierzyn
Mierzynek
Mierzęcice
Mierzęcin
Miesiączkowo
Mieszki Różki
Mieszuki
Mietków
Mieścisko
Miklesz
Mikolin
Mikołajki Pomorskie
Mikołów
Mikołów. FPM S.A.+1
Miksztal
Mikulice
Mikuszewo
Milanówek
Milejczyce
Milejowiec
Milejów
Milewko
Milicz
Miniszew
Mircze
Mirków
Mirocin Średni
Mirosławice
Mirosławiec
Mirsk
Mistów
Miszewo
Mizerka
Miąskowo
Międyrzec Podlaski
Międzyborze
Międzybórz
Międzychód
Międzylesie
Międzyrzec Podlaski
Międzyrzecz
Międzyrzecze Dolne
Miękisz Nowy
Miękowo
Miętne
Miętno
Miłaczew
Miłakowo
Miłki
Miłków
Miłobądz
Miłocice
Miłogoszcz
Miłoszyce
Miłoszów
Miłosław
Miłosławice
Miłowice
Mińsk Mazowiecki
Mlewo
Mnich
Mnichowo
Mnichy
Mniszków Owczary
Mochy
Moczydło
Moderówka
Modlibogowice
Modliborzyce
Modlimowo
Modliszewko
Modliszewo
Modlnica
Modlniczka
Modryniec
Modła
Modła Królewska
Modła Królewska-Kolonia
Mogielnica Kozietuły Nowe
Mogilica
Mogilno
Mogilno Duże
Mojusz
Mokra
Mokra Prawa
Mokre
Mokrzec
Mokrzesz
Monachium
Montowo
Moracz
Moravská Ostrava, Republika Czeska
Morawica
Morawin
Morąg
Mostki
Mostkowo
Mosty
Moszczanka
Moszczenica
Mołstowo
Mołtowo
Mońki
Mościce
Mościczki
Mościenica
Mroczeń
Mroczki-Rębiszewo
Mroczno
Mrokocin
Mrągowo
Mstów
Mszadla
Mszana Dolna
Mszanna
Mszanowo
Mszczonów
Mucharz
Murawki
Murowana Goślina
Murowaniec
Muszyna
Mutowo
Myczkowce
Mykanów
Mylin
Myszków
Myszyniec Stary
Mysłakowice
Mysłowice
Myślenice
Myślenice Jawornik
Myśliborzyce
Myślibórz
Myśliwiec
Myślniew
Mzazanki
Mzurki
Mąkolin
Mąkoszyn
Mąkowarsko
Mątki
Mątwica
Męcina
Mława
Młodochów
Młodocin
Młokicie
Młynek
Młyniska
Młynowo
Młyny
Młynów
Młyńsk
Mścice
Mścice Stoisław
Mściszewice
Mściszewo
NH Amsterdam
NIDZICA
NIEDOMICE
NIEPOŁOMICE
NISKO
NOWE SKALMIERZYCE
NOWOGRODZIEC
NOWY DWÓR GDAŃSKI
Nabyszyce
Nadarzyce
Nadarzyn
Nadolna Wieś
Nadziejewo
Nagoszyn
Nagradowice
Naguszewo
Najdymowo
Nakomiady
Nakonowo
Nakło nad Notecią
Nakło Śląskie
Namysłów
Namyślin
Napole
Narok
Nasiegniewo
Nasielsk
Naterki
Natolin
Nawra
Nałęczów
Nekla
Niałek Wielki
Nibork
Nibork Drugi
Nidzica
Nidzica Napiwoda
Nieborów
Niechorz
Niechłonin
Niedalino
Niedarzyno
Niedomice
Niedośpielin
Niedysz
Niedziałki
Niedziały
Niedzica
Niedzieliska
Niedźwiada
Niedźwiada Kolonia
Niedźwiadka
Niedźwiady
Niedźwiedzica , Żuławki
Niedźwiedź
Niegardów
Niegardów - Kolonia
Niegosław
Niegrzebia
Niekłonice
Nielegowo
Nielestno
Nielisz
Niemarzyn
Niemce
Niemczewo-Goszczyna
Niemczewo-Goszczyno
Niemgłowy
Niemierzyn
Niemodlin
Nienowice
Niepoględzie
Niepołomice
Niepruszewo
Niesulice
Nieszawa
Nietoperek
Nietążkowo
Niewiarowo
Niewierz
Niewieścin
Niewieścn
Niewodnik
Nieznane
Nieznanowice
Niksowizna
Ninino
Niskie Wielkie
Nisko
Niwa Babicka
Niwica
Niwka
Niwnica
Niziny
Niziołki Dobki
Nochowo
Nogawki
Nordhavn
Nosalin
Nosków
Nosów
Nowa
Nowa Biała
Nowa Bystrzyca
Nowa Chełmża
Nowa Dęba
Nowa Grobla
Nowa Kamionka
Nowa Karczma
Nowa Kopernia
Nowa Niedrzwica
Nowa Ruda
Nowa Sarzyna
Nowa Sucha Mizerka
Nowa Szarlejka
Nowa Sól
Nowa Sół
Nowa Wieś
Nowa Wieś Ełcka
Nowa Wieś Królewska
Nowa Wieś Książęca
Nowa Wieś Lęborska
Nowa Wieś Malborska
Nowa Wieś Mała
Nowa Wieś Rzeczna
Nowa Wieś Ujska
Nowa Wola
Nowa Święta
Nowaki
Nowe
Nowe Dobra
Nowe Gierałty
Nowe Gorzycko
Nowe Grabie
Nowe Grudze
Nowe Gulczewo
Nowe Kurowo
Nowe Miasteczko
Nowe Miasto Lubawskie
Nowe Mostki
Nowe Nadratowo
Nowe Oborzyska
Nowe Prażuchy
Nowe Prażuchy - Orli Staw
Nowe Rakowo
Nowe Skalmierzyce
Nowica
Nowiny
Nowiny Sitkówka
Nowoberezowo
Nowodwory
Nowogard
Nowogrodziec
Nowogród
Nowosady
Nowostawy Dolne
Nowy Białcz
Nowy Białynin
Nowy Bromierzyk
Nowy Bród
Nowy Ciechocinek
Nowy Drzewicz
Nowy Dwór
Nowy Dwór Mazowiecki
Nowy Dwór Mazowiecki. energetyka.nowydwormaz.pl+1
Nowy Dzikowiec
Nowy Młyn
Nowy Pawłów
Nowy Pudłów
Nowy Redzeń
Nowy Skazdub
Nowy Staw
Nowy Sącz
Nowy Targ
Nowy Tomyśl
Nowy Wiec
Nowy Zagór
Nowy Świętów
Nowy Żytnik
Nuna
Nużewko
Nysa
Nysa Radzikowice
Nądnia
ODRZYKOŃ
OLKUSZ
OLSZTYN
OSTRÓW MAZOWIECKA
Objezierze
Oblewo
Oborniki
Oborniki Wielkopolskie
Oborzany
Obromino
Obroty
Obrowo
Obryte
Obrzycko
Obrzynowo
Obręczna
Obłęże
Ochotnica Górna
Ochędzyn Nowy
Ocice
Ociąż
Odolanow
Odolanów
Odporyszów
Odrano-Wola
Ogarka
Oględów
Ogonowice
Ogrodzona
Okalew
Okliny
Okoleniec
Okolę
Okonek
Oksza
Olbrachcice
Olchowa
Olecko
Oleksianka
Olesin
Olesno
Oleszka
Oleszno
Oleszyce
Olewin
Oleśnica
Oleśnik
Olkusz
Olszana
Olszanka
Olszewice
Olszewo
Olszowa
Olszowiec
Olsztyn
Olsztyn Wadąg
Olsztynek
Olszynka
Olszyny
Olten
Opalenica
Opaleniec
Opatowice
Opatów
Opatówek
Opczono
Opiesin
Opin
Opoczno
Opoka-Kolonia
Opoki
Opole
Opole Lubelskie
Opole. ecosa.pl+1
Opolnica
Oporówko
Orchówek
Ordzin
Orkowo
Orla
Orle
Orneta
Orońsko
Orzesze
Orzeszkowo
Orzyc
Orzysz
Orłowice
Orły Cesin
Orłów
Osie
Osiecznica
Osiedle Niewiadów
Osiedle Poznańskie
Osiek
Osiek Jasielski
Osiek Mały
Osiek nad Notecią
Osiek-Włostybory
Osiemborów
Osina
Osinki
Osiny
Osięciny
Osjaków
Osowiec
Osowy Grąd
Ossowice
Ostrowiec
Ostrowiec Świętokrzyski
Ostrowite
Ostrowitko
Ostrowo
Ostrowąs
Ostrołęka
Ostrzeszów
Ostróda
Ostrów
Ostrów Mazowiecka
Ostrów Południowy
Ostrów Wielkopolski
Ostrów Wlkp.
Ostrówek
Ostrówek Wieś
Oszkinie
Osów
Osówek
Osówie
Osówka
Osówko
Osła
Otmuchów
Otok
Otusz
Otwock
Owczary
Owidz
Ozimek
Ozorków
Ozorków Aleksandria
Oława
Ołdaki-Magna Brok
Ołdrzychowice Kłodzkie
Ołobok
Ołomuniec-Řepčin, Czechy
Ołownik
OŚWIĘCIM
Ośmiałowo
Ośno
Ośno Drugie
Oświno
Oświęcim
Ożarów
Ożarów Mazowiecki
PLESZEW
PODŁĘŻE
POGORZELICA
POZNAŃ
PRZEMYŚL
PRZEWORSK
PUSTKÓW
PV Pierzchały
Pabianice
Pacanowice
Paczków
Pacółtowo
Padew Narodowa
Padniewko
Pakość
Pakszyn
Panki
Papowo Toruńskie
Paprotnia
Paproć
Paraszyno
Parcewo
Parchanie
Parcice
Parczew
Pargowo
Parkoszowice
Parkowo
Parolice
Parowa
Parsęcko
Paruszka
Parznice
Parzyce
Parzęczewo
Pasieczna
Pasieka
Pasieki
Paskudy
Pass
Pastewnik
Paszczyna
Pasłęk
Paterek
Pawice
Pawłowice Małe
Pawłówek
Pawłówko
Pałczyn
Pałubice
Pelplin
Perki-Lachy
Perzów
Petronelów
Pełch
Pełczyce
Pełczyska
Pełnatycze
Pianowo Daczki
Piaseczno
Piasek
Piasek Wielki
Piaski
Piaski Bankowe
Piastów
Piechanin
Piechcin
Piechowice
Piecki
Piecnik
Pieczarki
Pieczonogi
Pieczyska
Piekary
Piekary Ślaskie
Piekary Śląskie
Piekoszów
Pielgrzymka
Pieniężno
Pierzchno
Pierzyska
Pierzyska Baranowo
Pieszkowo
Pieszków
Pieszyce
Pietkowo
Pietna
Pietrzykowice
Pieńki Wielkie
Pieńkowo
Pieńsk
Pikutkowo
Pilawa
Pilawa Trąbki
Pilchowice
Pilec
Piliki
Pilitowo
Pilzno
Pinczyn
Pinczyn, Karolewo
Pionki
Piotrkowice
Piotrków Kujawski
Piotrków Tryb.
Piotrków Trybunalski
Piotrowa
Piotrowice
Piotrowiec
Piotrowo
Piotrowo Drugie
Piotrówek
Piskorzów
Pisz
Piszczac
Pityny
Piwiczna-Zdrój
Piwniczanka
Piwoda
Piątki
Piątkowo
Pięczkowo
Piła
Piława Dolna
Piłka
Pińczów
Pińczów Leszcze
Plecewice
Plecka Dąbrowa
Plemięta
Pleszew
Plewisk
Plewiska
Plewno
Pluskocin
Pluskowęsy
Plęsy
Pniewite
Pniewo
Pniewy
Pniewy-Zamek
Pobiedziska
Pobłocie
Poczernin
Poczesna Zawodzie
Podborcze
Podborze
Podbrzezie Dolne
Podchojny
Podczerwone
Poddubówek
Poddębice
Podebłocie
Podgaj
Podgór
Podgórz
Podgórze-Gazdy
Podhorce
Podleśna
Podlindowo
Podmokle Wielkie
Podmokłe Małe
Podobin
Podrzecze
Podstolice
Podule
Podzamcze
Podzamek Golubski
Podzborów
Podłęże
Pogalewo Wielkie
Poganice
Pogorszewo
Pogórska Wola
Pokaniewo
Poklęków
Pokośno
Pokrzywno
Pokój
Poladowo
Polanowice
Polanowo
Polany Kolonia
Polany-Kolonia
Poledno
Police
Police Średnie
Policko
Policzna
Polkowice
Polnica
Polonisz
Polska Wieś
Pomierzyn
Pomiłowo
Pomlewo
Pomorzany
Poniatowa
Poniatowice
Poniatowicze
Poniatowo
Ponizie
Ponętów Górny Pierwszy
Popowice
Popowo
Poradz
Poraj
Porażyn
Porczyny
Porszewice
Poryte Jabłoń
Porąbka
Porąbka Iwkowska
Posada
Posadowo/Zgierzynka
Posady
Posady, Białczyn
Postomino
Postęp
Potok
Potrzymowo
Potęgowo
Powodowo
Powodów
Pozezdrze
Poznań
Poznań; ul. Ignacego Łukasiewicza 2, 64-500 Szamotuły kogeneracja-szamotuly.pl / kogeneracjazachod.pl
Połaniec
Połchowo
Połczyn-Zdrój
Połoski Stare
Połęcze
Poświętne
Pożarowo
Prabuty
Praga
Praha
Praha 4, Czechy
Prandocin-Iły
Praslity
Praszczyki
Praszka
Praszka Kowale
Praszka Kuźniczka
Probark
Proboszczewice Nowe
Prochowice
Progale
Promnik
Proniewicze
Prosna
Proszenie
Proszowice
Proszyska
Proszówki
Prucheńsko Duże
Prusice
Prusim
Prusinowice
Prusinowo
Prusocin
Prusy
Pruszcz
Pruszcz Gdański
Pruszków
Pruszynek
Pruśce
Przanowice
Przasnysz
Przeczno
Przecław
Przedmieście Czudeckie
Przedwojewo
Przejęsław
Przemięczanki
Przemkowo
Przemyków
Przemysław
Przemyśl
Przerośl Gołdapska
Przestrzele
Przeworsk
Przeźmierowo
Przyborów
Przybysław
Przybysławice
Przychojec
Przyczyna Górna
Przydworzyce
Przygórze
Przyjaźń
Przyjma
Przyjmo
Przykop
Przykopka
Przykory
Przylesie
Przymiarki
Przypisówka
Przyrowa
Przyrów
Przysiek
Przysieka
Przysieka Polska
Przysieki
Przysowy
Przysucha
Przytkowice
Przytoczna
Przywory Duże
Przyłuski
Przyłęczek
Przyłęk
Prądki
Prądy
Pręgowo
Psarskie
Psary
Pstrokonie i Zapolice
Pszczew
Pszczyna
Puczniew
Pudzików
Pustki
Pustków
Pustków-Osiedle
Pustynia
Puszcza Miejska
Puszcza Rządowa
Puszczykowo
Puznówka
Puławy
Puławy. pulawy.grupaazoty.com+1
Pułtusk
Pyrzyce
Pyskowice
Pyskowice Zaolszany
Pyszkowo
Pysząca
Półwieś
Pączewo
Pątnów
Pęchcin
Pęckowo
Pędzewo
Pęglity
Pęperzyn
Pępowo
Pęzino
PŁOCK
PŁONKÓWKO
Płachty
Płaczki
Pław
Pławce
Pławniowice
Pławno
Płochocin
Płock
Płocochowo
Płonki
Płonko
Płonno
Płoskie
Płoszów
Płoty
Płońsk
RABOWICE
RACŁAWÓWKA
RAJBROT
REDZIKOWO
ROPCZYCE
RUDA ŚLĄSKA
RUDAWA
RUDNA WIELKA
RUDNIK
RUMIAN
RYBNIK
RYCZYWÓŁ
RYMANÓW
RZESZÓW
Rabinówka
Rabka-Zdrój
Rabowice
Rachanie
Racibórz
Raciąż
Raciąż Zawoda
Raciążek
Racięcice
Racula
Raczki Elbląskie
Raczyce
Radestów
Radlin
Radnica
Radolina
Radom
Radomice
Radomsko
Radonie
Radostowo
Radoszewice
Radoszewnica
Radoszkowo
Radotki
Radule
Radusz
Raduń
Radwanice
Radwanki
Radwanków Szlachecki
Radzanek
Radzanów
Radzice Duże
Radzicz
Radziechów
Radziejewo
Radziejów
Radziemice Przemęczanki
Radzionków
Radziszewo
Radzięcin
Radzyń Podlaski
Radzyń Wybudowanie
Radzyń-Wybudowanie
Radłowo
Radłów
Rajbrot
Rajkowy
Rakowiec
Rakowo
Rakołupy Duże
Rakszawa
Raków
Rakówek
Rarwino
Raszew
Raszewy
Raszków
Raszyn
Rataje
Ratingen, Niemcy
Ratoszyn Pierwszy
Ratyń
Rawa
Rawa Mazowiecka
Rawicz
Rawicz KRS-pobierz / aleo.com
Rawiczów
Rdutów
Reczków Nowy
Reczyce
Reda
Redecz Wielki, Wieś
Reduchów
Reduchów-Kolonia
Redykajny
Redzikowo
Rejowiec Fabryczny
Rekowo
Renice
Repki
Reptowo
Resko
Retków
Rgielsko
Robakowo
Robawy
Robity
Rodowo
Rogajny
Rogaszyce
Rogatka
Rogowiec
Rogowiec k/Bełchatowa
Rogowo
Rogoźnica Kolonia
Rogoźno
Roguszyn
Rogów
Rogów Opolski
Rogówko
Rogóźnia
Rogóźno
Rojewo
Rojów
Rojęczyn
Rokiciny Podhalańskie
Rokita
Rokitowiec
Roma (Włochy)
Romany
Romanów
Ropczyce
Rosko
Rosnowo
Rosocha
Rosochackie
Rososzyca
Rosołówka
Rossosz
Rossoszyca
Roszczep
Roszki-Ziemaki
Roszkowa Wola
Roszków
Rosówek
Rotnowo
Rotterdam
Rowelska Góra
Rowy
Rozkopaczew
Rozstrzębowo
Roztocze
Roztropice
Rozwadza
Rozwarzyn
Rozłąki
Rościn
Rościno
Rożniatowice
Rożniątów
Rożyńsk Wielki
Ruchocinek
Ruda
Ruda Wołoska
Ruda Śląska
Rudawa
Rudki
Rudna
Rudna Wielka
Rudniki
Rudno
Rudzienice-Karłowo
Rudzienko
Rumian
Runowo
Runowo Krajeńskie
Runowo Pomorskie
Runowo Sławieńskie
Rusiec
Rusko
Rusowo
Ruszków Pierwszy
Ruszów-Kolonia
Rutki
Rutki-Kossaki
Rybarzowice
Rybnik
Rybowo
Rychtyn
Rydułtowy
Rydwągi
Rydzewo
Rydzyna
Ryga
Ryglice
Rygol
Ryki
Rykoszyn
Rylowa
Rymanów
Ryn Kolonia
Rynarzewo
Rypin
Ryszkowa Wola
Rytro
Rywałd
Rywałdzik
Ryńsk
Rzadka Wola Wieś
Rzeck
Rzeczyca
Rzeczyca Księża
Rzegocin
Rzeki Małe
Rzemiechów
Rzemień
Rzepin
Rzepin Pierwszy
Rzeszotary
Rzeszów
Rzeszów pge-obrot.pl
Rzewuszyce
Rzezawa
Rzeżewo
Rzeżewo Małe
Rzgów
Rzym
Rządza
Rząśnia
Rząśnik
Rzęczkowo
Rzędowice
Rzędzianowice
Rzędów
Równa
Różaniec Drugi
Różanka
Różanki
Różańsko
Różewo
Różyńsk Mały
Rąbczyn
Rąbinko
Rączki
Rąpin
Rębiechowo
Rębielice Królewskie
Rębielice Szlacheckie
Rębowo
Rębów
Ręczyn
SANOK
SIELEC
SIENIAWA
SIERAKOWICE
SIechnice
SKARBIMIERZ OSIEDLE
SKAWA
SOKOŁÓW PODLASKI
STALOWA WOLA
STARA JASTRZĄBKA
STARE MIASTO
STAROGARD GDAŃSKI
STRYKÓW
STRZELIN
STRZYŻÓW
STRÓŻA
STUDZIENICE
SWARZĘDZ
SZULEC
Sabaszczewo
Sadek
Sadków
Sadlno
Sadlno Zaryń
Sadowo
Sady
Sadykierz
Sadów
Sadłowice
Sadłowo
Sadłowo - Parcele
Sakówka
Sakówko
Samborek
Samborowo
Samborsko
Samborzec
Samolubie
Sampława
Sancygniów
Sandomierz
Sanniki
Sanok
Sarbia
Sarnowa Góra
Sarnowo
Sarnówek Duży
Sarnówek duży
Sarnówka
Sawin
Secemin
Semlin
Serniki
Serock
Seroki
Sewerynów
Sewerynówka
Sianożęty
Sianów
Sichów Duży
Sicienko
Siechnice
Siecieborzyce
Siedlce
Siedlików
Siedliska
Siedlnica
Siedlęcin
Siekierki Wielkie
Sieklówka Dolna
Sielec
Sielinko
Sielsko
Sieluń
Siemianowice Śląskie
Siemianówka
Siemiatycze
Siemidarżno
Siemkowice
Sieniawa
Sienkiewicze
Sieradz
Sierakowice
Sierakowo
Sieraków
Sierakówek
Sieroniowice
Sieroszewice
Sierosław
Sierpc
Sierpin
Sierzno
Siewierz
Sigiełki
Sikorowo
Sikorz
Silnica
Siniarzewo
Siniec
Sipiory
Sitaniec
Sitkówka
Skalmierzyce
Skamlierzyce
Skarbimiarz-Osiedle
Skarbimierz
Skarbimierz-Osiedle
Skarszewy
Skarszów Dolny
Skaryszew
Skarżysko Kamienna
Skarżysko-Kamienna
Skaszyn
Skawa
Skawina
Skałka
Skałągi
Skibice
Skibin
Skierniewice
Skoczów
Skomlin
Skopanie
Skoraszewice
Skorków
Skorocice
Skotniki
Skrzeszewo Żukowskie
Skrzydlów
Skrzyniec Kolonia
Skrzynno
Skrzypaczowice
Skrzyszów
Skurgwy
Skwierzyna
Skórcz
Skórki
Skórkowice
Skórzewo
Skęczniew
Skłody Stachy
Smadzów
Smardy Dolne
Smardy Górne
Smardzewice
Smardzko
Smardzów
Smogorzewo
Smokowo
Smolanka
Smoleń
Smolice
Smolna
Smolnica
Smolniki
Smoryń
Smoszew
Smotryszów
Smołdzino
Smrock - Dwór
Smrocki-Dwór
Smugi
Smyczyna
Smętowo Graniczne
Sobawiny
Sobiałkowo
Sobibór
Sobiczewy
Sobienie Jeziory Radwanków Szlachecki
Sobiesierzno
Sobin
Sobolew
Sobolewo
Sobolice
Sobuczyna
Sobótka
Sobów
Sochaczew
Sochocin
Soczewka
Sokola Dąbrowa
Sokoligóra
Sokolniki
Sokolniki Małe
Sokolniki Suche
Sokołowice
Sokołowo
Sokoły
Sokołów
Sokołów Małopolsk
Sokołów Małopolski
Sokołów Podlaski
Sokółka
Sokółki
Solec Kujawski
Solec-Zdrój
Sompolinek
Sompolno
Sopot
Sordachy
Sosnowiec
Sosnówka
Sosnówko
Sowczyce
Sowlany
Sowy
Sośnica
Sośnie
Spręcowo
Spławie
Srock
Srock Prywatny
Srock Rządowy
Srocko Małe
Srocko Wielkie
Sroczków
Sroczyn
Stachy
Stacze
Stajkowo
Stale
Stalowa Wola
Staniew
Staniszcze Wielkie
Stanisławów
Stanisławów Stanisławów
Stanowice
Stany
Stara Bystrzyca
Stara Kakawa
Stara Kopernia
Stara Niedziałka
Stara Ruda
Stara Rudna
Stara Wieś
Stara Łomża przy Szosie
Starachowice
Starbienino
Starczanowo
Stare Bogaczowice
Stare Bystre
Stare Czaple
Stare Czarnowo
Stare Guty
Stare Jemielite
Stare Juchy
Stare Kobiałki
Stare Krajewo
Stare Kurowo
Stare Lipiny
Stare Lubiejewo
Stare Miasto
Stare Miasto k/Konina Modła Królewska
Stare Morzyce
Stare Olesno
Stare Opole
Stare Polichno
Stare Radzikowo
Stare Siołkowice
Stare Sioło
Stare Węgorzynko
Stargard
Starków
Starkówiec Piątkowski
Starochocice Kolonia
Starochęciny
Starogard Gdański
Starokrzepice
Starorypin Prywatny
Starorypin Rządowy
Starowa Góra
Starowice
Starowlany
Starościn Kolonia
Staroźreby
Staroźreby Hektary
Staroźreby Nowe
Staroźreby-Hektary
Stary Drzewicz
Stary Dworek
Stary Dziebałtów
Stary Dzików
Stary Karolew
Stary Klukom
Stary Kornin
Stary Kozłów
Stary Orzechów
Stary Przybysław
Stary Radziejów
Stary Staw
Stary Toruń
Stary Waliszów
Stary Widzim
Stary Węgrzynów
Starzyce
Stasin 13
Staszów
Staszów Grzybów
Staszów. siarkopol.grupaazoty.com
Stavanger, Norwegia
Stawek
Stawiany
Stawiguda
Stawiszyn
Stawiszyn - Zwalewo
Stawiszyn - Łaziska
Stefanowo
Steinhausen
Stelmachowo
Stepnica
Stock
Stocki Młyn
Stoczek Klasztorny
Stodólska
Stojpy
Stoki
Stoki Duże
Stolno
Stołczno
Strachocina
Strachowo
Stradunia
Straduny
Stradzewo
Straszków
Straszyn
Straszęcin
Strawczynek
Stronie Śląskie
Stroszki
Struga
Strumiany
Strumiany Dolne
Strumiany Górne
Strumień
Strupina
Strusy
Stryje Paskowe
Strzakły
Strzałkowo
Strzebielino
Strzebiń
Strzegom
Strzelce
Strzelce Dolne
Strzelce Krajeńskie
Strzelce Małe
Strzelce Opolskie
Strzelce Wielkie
Strzelin Chociwel
Strzelin Pęcz
Strzelno
Strzygi
Strzyżewice
Strzyżów
Stróża
Strąpie
Stręgiel
Studzianki
Studzianki Pancerne
Studzienice
Studzieniec
Studźce-Adolfowo
Stulichy
Stypułów
Styrzyniec
Stójło
Stękiny
Stępka
Stępocin
Stęszew
Stężyca
Sucha
Sucha Górna
Suchań
Suchcice
Suchodół Szlachecki
Suchowola
Suchy Grunt
Suchy Las
Sudawa
Sudół
Sufczyn
Sulechów
Sulejki
Sulimierz
Suliszew
Sulmierzyce
Sulęcin
Sumin
Sumowo
Suraż
Surochów
Suserz
Susz
Suszec
Suszno
Suszów
Suwałki
Sułkowice
Sułocin Towarzystwo
Sułowo
Sułów
Suśnik
Swarożyn
Swarzewo
Swarzynice
Swarzędz
Swarzędz -Jasin
Swoboda
Sworawa
Swędzieniejewice Kolonia
Sycyna
Syców
Sydzyna
Sydół
Sypitki
Szadek
Szadkowice Ogrodzim
Szadkowice-Ogrodzim
Szafarnia
Szaflary
Szalonki
Szamotuły
Szaniawy-Matysy
Szarcz
Szarejki
Szarlej
Szarlejka
Szarowola
Szarów
Szałsza
Szańków
Szczawin
Szczawin Borowy-Wieś
Szczawin Duży
Szczawin Kościelny
Szczałb
Szczebrzeszyn
Szczebrzusz
Szczecin
Szczecinek
Szczeka
Szczepanki
Szczepankowo
Szczepanów
Szczerców
Szczotkowice
Szczuczyn
Szczuka
Szczurowa
Szczyrk
Szczytkowice
Szczytna
Szczytniki Duchowne
Szczytniki Nad Kaczawą
Szczytno
Szelków
Szemborowo
Szepietowo
Szepietowo-Żaki
Szerokie
Szerokopaś
Szerzawy
Szestno
Szewce
Szewo
Szkarada
Szkaradowo
Szklarska Poręba
Szkocja
Szkody
Szołdry
Szołtany
Szpetal Górny
Szpitalna Wieś
Szprotawa
Szprudowo
Szpęgawa
Sztum
Sztumska Wieś
Szubin
Szubin - Wieś
Szubin Wieś
Szudziałowo
Szulec
Szuminka
Szwajcaria
Szwarcenowo
Szwecja
Szydłowiec
Szydłowiec Wola Korzeniowa
Szydłowiec Śląski
Szydłowo
Szyldak
Szymaniszki
Szymanowice
Szymanowo
Szymany
Szymbark
Szynwałd
Szynych
Szyperki
Szypliszki
Szypułki-Zaskórki
Szyszczyce
Sójki
Sól
Sądrożyce
Sądzia
Sądów
Sąsieczno
Sędziejowice
Sędzin
Sędzin-Kolonia
Sędzinko
Sędziszowa
Sędziszów
Sędziszów Małopolski
Sękowo
Sępopol
Sępólno Krajeńskie
SŁUPSK
Słajsino
Sława
Sławacinek Stary
Sławka Mała
Sławnikowice
Sławniów
Sławno
Sławoborze
Sławoszowice
Sławęcin
Sławęcinek
Sławęckie Góry
Słobódka
Słocin
Słodków
Słojniki
Słomczyn
Słomkowo
Słonawy
Słonice
Słonowiczki
Słotwiny
Słowik
Słowików
Słońsk
Słubice
Słup
Słupca
Słupia
Słupia Kapitulna
Słupia Pod Kępnem
Słupia Wielka
Słupno
Słupsk
Słuszków
Służewo
TARGOWISKA
TARGOWISKO
TARNÓW
TORUŃ
TRZEBINIA
TRZYCIĄŻ
TUŁOWICE
TYCHY
Taczów
Talki
Tallin
Tallinn
Taluba
Tarchały Wielkie
Tarda
Targowiska
Targowisko
Targowo
Tarkowo
Tarkowo Dolne
Tarnawatka-Tartak
Tarnobrzeg
Tarnogród
Tarnogród Wieś
Tarnogóra
Tarnogóra Kolonia
Tarnowa
Tarnowo Pałuckie
Tarnowo Podgórne
Tarnowskie Góry
Tarnów
Tarnów Opolski
Tarnówka
Tchórzew
Tchórznica Szlachecka
Tchórzowa
Tczew
Teodorów
Terebela
Teresin
Terespol Pomorski
Tereszpol-Kukiełki
Terpentyna
Toczyłowo
Todzia
Tokarnia
Tomaszewo
Tomaszyn
Tomaszów Lubelski
Tomaszów Mazowiecki
Tomaszówka
Tomasów Mazowiecki
Tomczyce
Tomice
Topola Wielka
Toporzyk
Toruń
Torzewo
Tończa
Tropiszów
Troszczyn
Troszczyno Dolne
Truszczanek
Trutowo
Trzaski
Trzcianka
Trzciany
Trzcin
Trzebania
Trzebcz Królewski
Trzebcz Szlachecki
Trzebiatów
Trzebicko Dolne
Trzebiechów
Trzebienice
Trzebieszewo
Trzebieszów Pierwszy
Trzebiesławice
Trzebiełuch
Trzebina
Trzebinia
Trzebiny
Trzebnica
Trzebosz
Trzebuchów
Trzebucza
Trzebusz
Trzek
Trzemeszno
Trzemoszna
Trzemuszka
Trzepnica
Trzonki
Trzyciąż
Trząs
Trębaczew
Trębaczew wartasa.com.pl / KRS-pobierz
Trękusek
Tuchlinek
Tuchola
Tuchomko
Tuchów
Tuczki
Tumiany
Tuplice
Turawa
Turbowice
Turek
Turka
Turkowice
Turkowy
Turowo
Turośń Kościelna
Tursk
Turza Wielka
Turów
Tuszyn
Tuszyny
Tuszów Narodowy
Tułodziad
Tułowice
Twarda
Twardogóra
Tworóg
Tybory Kamianka
Tybory-Żochy
Tychnowy
Tychy
Tykocin
Tylewice
Tylice
Tylmanowa
Tymbark
Tymbark Tymbark
Tymienice
Tyniec Legnicki
Tyniec Mały
Tyrowo
Tyrszeliny
Tyszowce
Tyń
Tąpkowice
UHERCE MINERALNE
USTRZYKI DOLNE
Ubocze
Uchań Górny
Uciechów
Udrycze Koniec
Ugoszcz
Uherce Mineralne
Ujazd
Ujazd Górny
Ujazdówek
Ujeździec Wielki
Ulanów
Ulasek
Uniechowo
Unieck
Uniegoszcz
Uniejewo
Uniejów
Unieszewo
Unimie
Uniszki-Cegielnia
Unisław
Unisławice
Upadły
Urszulin
Urzut
Ustka
Ustka Duninowo
Ustowo
Ustronie Morskie
Ustroń
Ustrych
Ustrzyki Dolne
Uszczyn
Uziębły
Ułazów
Uścikowo
Visselhovede
WARSZAWA
WARSZOWICE
WIDZINO
WIELEŃ
WIERZCHOSŁAWICE
WIETLIN
WITASZYCZKI
WOJNICZ
WROCŁAW
WYSOKA
Wabcz
Wachowice
Wachów
Wacławice
Wadowice
Wadowice Górne
Wadąg
Waksmund
Walce
Walew
Waliszewice
Walowa Góra
Wambierzyce
Wapiennik
Waraszawa
Warka
Warkałki
Warmątowice
Warszawa
Warszawa axpo.com
Warszawa figene-energia.pl / KRS-pobierz
Warszawa ienenergy.pl / KRS-pobierz
Warszawa. Krs Pobierz
Warszawa. Power21 - Energia elektryczna dla firmy+1
Warszawa. boryszew.com.pl+1
Warszawa. grupaenergiage.pl
Warszawa. grupaenergiaobrotge.pl
Warszawa. plusenergia.pl
Warszawa; biuro/kontakt: ul. Chorzowska 109A, 40-101 Katowice. Krs Pobierz+1
Warszawa; ul. Odlewników 20, 42-202 Częstochowa zarmengpp.pl
Warszowice
Warszowice, Baranowice
Warszwa
Warszyce
Wartkowice
Warzyńcowice
Warłów
Wasilków
Waszulki
Watorowo
Watraszew
Wawrzyńcowice
Wawrów
Wał
Wał Ruda
Wałbrzych
Wałcz
Wałcz Drugi
Wałdowo
Wałkowiska
Wałków
Wałowice
Wałrzych
Wałsnów
Wałyczyk
Wdecki Młyn
Wejherowo
Werbkowice
Werchliś
Weronikopole
Wery
Werynia
Wesołówko
Wełecz
Wełtyń
Wichertów
Wichrowiec
Wichulec
Wichów
Wicko
Widełka
Widuchowa
Widzino
Widzów
Wiechlice
Wiechowo
Wieczyn
Wielbark
Wielbrandowo
Wiele
Wielenin-Kolonia
Wieleń
Wieleń Rosko
Wielgomłyny
Wielichowo Wieś
Wieliczka
Wielka Nieszawka
Wielka Tymawa
Wielka Wieś
Wielki Podleś
Wielkie Łunawy
Wielogłowy
Wielopole
Wielopole Skrzyńskie
Wielowieś
Wieluń
Wielęcin
Wien (Wiedeń)
Wieprz
Wieprzów Ordynacki
Wiercany
Wieruszów
Wierzbica
Wierzbica Górna
Wierzbiczany
Wierzbie
Wierzbnica
Wierzbno
Wierzbówiec
Wierzchosławice
Wierzchowo
Wierzchy
Wieszowa
Wietlin
Wietlin Trzeci
Wietlin Wieś
Wietrzno
Wiewiecko
Wiewiórczyn
Wiktoryn
Wilamowo
Wilcza
Wilcza Góra
Wilcza Wola
Wilczewo
Wilczkowice
Wilczkowice Górne
Wilczkowo
Wilczowola
Wilczowola Trzebieńska
Wilczyca
Wilczyce
Wilczęta
Wilkowa
Wilkowice
Wilkowo
Wilkowo Nowowiejskie
Wilkołek Unikowski
Wilków
Wilków Polski
Wilków Zagłoba
Wilków Średzki
Wincentów
Winda
Windyki
Winna
Wirwajdy
Wiry
Wistka
Wisznice
Wisznice Kolonia
Wisławie
Witalówka
Witankowo
Witanówek
Witaszyce
Witaszyczki
Witkowo
Witkówko
Witnica
Witoldowo
Witoszyn
Witowąż
Witrogoszcz
Witulin
Witów
Wizna
Wiązowna
Wiązownica
Wiązownica-Kolonia
Wińsko
Wiślinka
Wiśniew
Wiśniowa
Wiśniówka
Wiżajny
Wleń
Wodziczna
Wodzisław Śląski
Wojciechów
Wojciechówka
Wojcieszów
Wojdal
Wojewodzin
Wojkowice
Wojnicz
Wojnowice
Wojnowice/Kozłowo
Wojska
Wola Bachorska
Wola Batorska
Wola Bystrzycka
Wola Cieklińska
Wola Dalsza
Wola Droszewska
Wola Dubowska
Wola Duża
Wola Filipowska
Wola Hankowska
Wola Jedlińska
Wola Kopcowa
Wola Korzeniowa
Wola Koszucka
Wola Kutowa
Wola Malkowska
Wola Miedniewska
Wola Mystkowska
Wola Okrzejska
Wola Olszowa
Wola Osowa
Wola Pawłowska
Wola Pszczółecka
Wola Pławska
Wola Rzędzińska Wola Rzędzińska
Wola Różaniecka
Wola Rębkowska
Wola Stryjewska
Wola Suchożebrska
Wola Szczucińska
Wola Szydłowiecka
Wola Szydłowska
Wola Uhruska
Wola Wiśniowa
Wola Zaradzyńska
Wola Łobudzka
Wola Świniecka
Wola Żydowska
Wola Żyrakowska
Wolanów
Wolbrom
Wolica
Wolica Kolonia
Wolice
Wolina Leśnictwo
Wolinia
Wolkowe
Wolnica
Wolnica Niechmirowska
Wolsztyn
Wolwark
Woroniec
Woskrzenice Duże
Wołcza Wielka
Wołczyn
Wołomin
Wołoskowola
Wołowice
Wołów
Woźniki
Wrocki
Wrocław
Wrocław krs-online.com.pl
Wrocław pal-energia.pl / KRS-pobierz
Wrocław side-energia.pl / KRS-pobierz
Wrocław. Dozamel+1
Wrocław. Pal Energia+1
Wrocław. zael.com.pl+1
Wroniawy
Wronki
Wronów
Wrzesina
Wrzesiny
Wrzeszczewice Nowe
Wrzeście
Września
Wrzosów
Wrząca
Wróbel
Wróblew Tubądzin
Wróblewo
Wróblik Królewski
Wróblowice
Wróblówka
Wschowa
Wsola
Wtórek
Wybczyk
Wybudowanie Michałowo
Wyczechy
Wydartowo Pierwsze
Wydminy
Wydmusy
Wygnanów
Wygoda
Wygoda Mikołajewska
Wykrot
Wylewa
Wymiarki
Wymysłowice
Wymysłów
Wyrazów
Wyrobki
Wyry
Wyryki
Wyrzysk
Wysicko Wielkie
Wysock
Wysocko
Wysocko Wielkie
Wysogotowo
Wysoka
Wysokie
Wysokie Mazowieckie
Wyszanów
Wyszewo
Wyszków
Wyszmontów
Wyszogród
Wywłoczka
Wyżne
Wziąchowo Małe
Wójcin
Wójtostwo
Wólka
Wólka - Folwark
Wólka Bankowa
Wólka Bosowska
Wólka Domaniowska
Wólka Gościeradowska
Wólka Grodziska
Wólka Kobyla
Wólka Kosowska
Wólka Lesiewska
Wólka Majdańska
Wólka Nosowska
Wólka Pełkińska
Wólka Pietkowska
Wólka Plebańska
Wólka Polinowska
Wólka Rokicka
Wólka Wojsławska
Wólka Włościańska
Wólka Zapałowska
Wólka Łękawska
Wólka Świątkowa
Wąbrzeźno
Wągrowiec
Wągry Nowe
Wąsice
Wąsosze
Wąwał
Wąwelno
Wąwolnica Łopatki
Węchadłów
Wędkowy
Wędrzyn
Węgajty
Węgierska Górka
Węglewo
Węgliska
Węgorzewo
Węgorzyn
Węgorzyno
Węgry
Węgrów
Węsiory
WŁOCŁAWEK
WŁOSZAKOWICE
Władysławowo
Władysławów
Włocławek
Włodawa
Włodzimierzów
Włodzisław
Włostowice
Włostowo
Włosty Olszanka
Włoszakowice
Włoszczowa
Włościbórz
Włynkówko
Włóki
ZATOR
ZIELONKI
Zabiele
Zabierzów
Zaborcze
Zaborów
Zabrodzie
Zabrze
Zabrzeż
Zaburze
Zacharzyn
Zacisze
Zaczernie
Zadzim
Zadąbrów
Zagajewice
Zagorzyce
Zagroby - Zakrzewo
Zagrodno
Zagrody
Zagórce
Zagórki
Zagórz
Zagórze
Zagórów
Zahajki
Zajączków
Zakopane
Zakopane-Olcza
Zakroczym
Zakrzewko
Zakrzewo
Zakrzewo - Parcele
Zakrzów
Zakrzów Turawski
Zakurzewo
Zalbki
Zalesiczki
Zalesie
Zalewo
Zaliszcze
Zamarski
Zambrów
Zambski Kościelne
Zameczek
Zamek Kiszewski
Zamoście
Zamość
Zamysłowo
Zapluskowęsy
Zapora
Zaranna
Zarzecze
Zarzeczewo
Zaręby Kościelne
Zastawie
Zastocze
Zastronie
Zator
Zatyki
Zawada
Zawada Pilicka
Zawady
Zawady Nowe
Zawadzkie
Zawda
Zawichost Piotrowice
Zawidowice
Zawidów
Zawiercie
Zawiercie. CMC
Zawiercie. broenergia.pl+1
Zawiszyn
Zaława
Załusków
Załuzie
Załuże
Załęcze
Załęże
Załęże - Sędzięta
Załęże Wielkie
Załęże-Sędzięta
Zbiczno
Zbiersk Kolonia
Zbigniewice
Zborowiec
Zbrojewsko
Zbylitowska Góra
Zbyszewo
Zbytowo
Zbójno
Zbąszynek
Zbęchy - Pole
Zbęchy Pole
Zbęchy-Pole
Zdany
Zdrzychów
Zdrój
Zdrój,
Zdunowice
Zdunowo
Zduny
Zduńska Wola
Zdziechów
Zdzieszowice
Zdziwój Nowy
Zelgno
Zelów
Zembrze
Zemsko
Zgierz
Zgniłka
Zgorzelec
Zielenica
Zieleniec
Zieleniewo
Zieliniec
Zielniki
Zielomyśl
Zielomyśł
Zielona
Zielona Góra
Zielona Góra - Nowy Kisielin
Zielona Łąka
Zielonagóra
Zielonka Pasłęcka
Zielonki
Zielony Lasek
Zielęcice
Ziemięcin
Ziemlin
Zimna Woda
Zimna Wódka
Zimnica
Zimnice Małe
Zimnodół
Zimotki
Ziębice
Zmysłowo
Zmyślona
Zofiówka
Zosin
Zug, Szwajcaria
Zwarcienko
Zwierki
Zwiernik
Zwierzewo
Zwierzyn
Zwierzyniec
Zwierzyniec - Rudka
Zwiniarz
Zwoleń
Zwóz
Zygmuntowo
Zygmuntów
Zürich
ZĄBKI
ZĄBKOWICE ŚLĄSKIE
Ząbki
Ząbkowice Śląskie
Ząbrowo
Zębowice
Zębowo
Zębówiec
ZŁOTNIKI
Złakowo
Zławieś Wielka
Złocieniec
Złoczew
Złotnik
Złotniki Lubańskie
Złotniki Małe
Złotoryja
Złotowo
Złotów
warszawa
Åbyhøj
Ćmielów
Ćmiszew Rybnowski
Ćmińsk
Ćwierdzin
Ćwikły-Krajewo
ŁAWNICA
ŁAZISKA GÓRNE
ŁAŃCUT
ŁODŹ
ŁOWISKO
Łabiszyn
Łabunie
Łachowo
Łachów
Ładzice
Łagiewniki
Łagów
Łajsy
Łapczyn
Łapszów
Łapy
Łasiewity
Łasin
Łask
Łaszczewiec
Łaszczyn
Łaszczów
Łaszczówka-Kolonia
Ławica
Ławice
Ławy
Łaziska
Łaziska Górne
Łazy
Łańcut
Łebcz
Łebień
Łeknica
Łempino
Łobdowo
Łobez
Łobudzice
Łobżany
Łochowo
Łodygowo
Łodzierz
Łojki
Łoknica
Łomczewo
Łomianki
Łomna
Łomnica
Łomża
Łoniewo
Łoniów
Łopatki
Łopienno
Łosice
Łosiniec
Łowicz
Łowisko
Łowęcice
Łozienica
Łoziska
Łozowe
Łozy
Łubianki
Łubna Jarosłaj
Łubnica
Łubnice
Łubniki
Łubowo
Ługi
Ługi Ujskie
Ługowice
Ługowina
Ługów
Łukanowice
Łukawa
Łukocin
Łukomierz
Łukowa
Łukowo
Łukszty
Łuków
Łuniewo Wielkie
Łupawa
Łupki
Łupowo
Łyna
Łysaków
Łysiny
Łyskornia
Łysołaje Kolonia
Łysołaje-Kolonia
ŁÓDŹ
Łódź
Łódź. tbenergia.pl
Łódż
Łówcz Górny
Łąck
Łączewna
Łąkie
Łęczyca
Łęg
Łęg Kościelny
Łęg Tarnowski
Łęgoń
Łęgucki Młyn
Łękawa
Łęki Królewskie
Łężyce
ŚLIWICE
ŚREM
ŚWIECA
ŚWIERKLANY
ŚWINOUJŚCIE
Ściborowice
Ścinawica
Ścinawka Dolna
Śladków Duży
Śladków Górny
Śladów
Ślepkowo Szlacheckie
Ślesin
Śliwice
Ślęza
Śmielin
Śmieszkowo
Śmiłowo
Śniadków
Śrem
Środa Wielkopolska
Środa Wielkopolska Kijewo
Środa Śląska
Środa Śląska Komorniki
Świba
Świbie
Świdnica
Świdnica Polska
Świdnik
Świdnik. pzlswidnik.pl
Świdry
Świdwiborek
Świdwie
Świdwin
Świdwinek
Świebodna
Świebodzice
Świebodzin
Świeca
Świecie
Świecie n/Osą
Świecie nad Osą
Świedziebnia
Świercze
Świerczyna
Świerczynek
Świerki
Świerklany
Świerkocin
Świerże Górne
Świeszewo
Świlcza
Świniarsko
Świniary
Świniów
Świnna Poręba
Świnoujście
Świątkowizna
Świątkowo
Święcany
Święcianowo
Święcica
Święcice
Święciechowa
Święte
Świętochłowice
Świętoszów
Święty Wojciech
Źródła
ŻARNOWIEC
ŻNIN
Żabi Róg
Żabice
Żabików
Żabin
Żabino-Arguły
Żabiny
Żabno
Żagań
Żagliny
Żakowo
Żalin Kolonia
Żardki
Żarki
Żarki Małe
Żarki Wielkie
Żarki-Letnisko
Żarnowica Duża
Żarnowiec
Żarnowo
Żarnowo Pierwsze
Żarnów
Żary
Żarów
Żałe
Żdanów
Żdżary
Żdżenice
Żegocina Łąkta Górna
Żelazkowo
Żelechlin
Żelechlinek
Żelewo
Żeleźniki
Żelichowo
Żeliszew Duży
Żeliszewo
Żelkowo
Żerków
Żerniki
Żerniki Dolne
Żerocin
Żeronice
Żerzyno
Żeszczynka
Żnin
Żodyń
Żory
Żołynia
Żołędnica
Żubronajcie
Żubrów
Żuchowo
Żuki
Żukowo
Żuków
Żurawica
Żuromin
Żurowa
Żużołu
Żychlin
Żydowo
Żyrardów
Żywiec
Żywki
Żywocice
Żórawina
Żórawki
Żółkiewka-Osada
Żółków
Żółwiniec
Żędowice
Żłobnica