{
  "Warszawa": "Warszawa",
  "Katowice": "Katowice",
  "Wrocław": "Wrocław",
  "Kraków": "Kraków",
  "Gdańsk": "Gdańsk",
  "Poznań": "Poznań",
  "Szczecin": "Szczecin",
  "Kielce": "Kielce",
  "Lublin": "Lublin",
  "Gliwice": "Gliwice",
  "Łódź": "Łódź",
  "Olsztyn": "Olsztyn",
  "Białystok": "Białystok",
  "Toruń": "Toruń",
  "Suwałki": "Suwałki",
  "Radziejów": "Radziejów",
  "Jelenia Góra": "Jelenia Góra",
  "Mielec": "Mielec",
  "Bydgoszcz": "Bydgoszcz",
  "Rzeszów": "Rzeszów",
  "Gdynia": "Gdynia",
  "Opole": "Radzymin",
  "Włocławek": "Włocławek",
  "Ostrów Wielkopolski": "Ostrów Wielkopolski",
  "Częstochowa": "Częstochowa",
  "Kalisz": "Kalisz",
  "Radom": "Radom",
  "Bielsko-Biała": "Bielsko-Biała",
  "Biała Podlaska": "Biała Podlaska",
  "Dąbrowa Górnicza": "Dąbrowa Górnicza",
  "Koło": "Koło",
  "KONIN": "Konin",
  "Inowrocław": "Inowrocław",
  "Tychy": "Tychy",
  "Leszno": "Leszno",
  "Bełchatów": "Bełchatów",
  "Siechnice": "Siechnice",
  "Płock": "Płock",
  "Zielona Góra": "Zielona Góra",
  "Stalowa Wola": "Stalowa Wola",
  "Grudziądz": "Grudziądz",
  "Zduńska Wola": "Zduńska Wola",
  "Zabrze": "Zabrze",
  "Krosno": "Krosno",
  "Czechowice-Dziedzice": "Czechowice-Dziedzice",
  "Nowy Sącz": "Nowy Sącz",
  "Legnica": "Legnica",
  "Białe Błota": "Aleksandrów Kujawski",
  "Tarnów": "Tarnów",
  "Kostrzyn nad Odrą": "Góra Kalwaria",
  "Lipno": "Platerów",
  "Słupsk": "Słupsk",
  "Jarocin": "Jarocin",
  "Kędzierzyn-Koźle": "Kędzierzyn-Koźle",
  "Myszków": "Góra Kalwaria",
  "Jaworzno": "Jaworzno",
  "Ruda Śląska": "Ruda Śląska",
  "Bytom": "Bytom",
  "Tarnowskie Góry": "Tarnowskie Góry",
  "Izbica Kujawska": "Izbica Kujawska",
  "Legionowo": "Legionowo",
  "Lubin": "Lubin",
  "Tomaszów Mazowiecki": "Tomaszów Mazowiecki",
  "Ostrowiec Świętokrzyski": "Ostrowiec Świętokrzyski",
  "Sochaczew": "Sochaczew",
  "Grajewo": "Grajewo",
  "Piotrków Trybunalski": "Piotrków Trybunalski",
  "Łomianki": "Rzeszów",
  "Chorzów": "Chorzów",
  "Starachowice": "Starachowice",
  "Jasło": "Jasło",
  "Tarnobrzeg": "Tarnobrzeg",
  "Tomaszów Lubelski": "Tomaszów Lubelski",
  "Oświęcim": "Warszawa",
  "Solec Kujawski": "Solec Kujawski",
  "Kraśnik": "Kraśnik",
  "Piła": "Piła",
  "Tczew": "Tczew",
  "Gorzów Wielkopolski": "Gorzów Wielkopolski",
  "Bochnia": "Góra Kalwaria",
  "Brodnica": "Brodnica",
  "Racibórz": "Racibórz",
  "Elbląg": "Elbląg",
  "Zamość": "Zamość",
  "Kokoszczyn": "Rokietnica",
  "Płoskie": "Zamość",
  "Sieradz": "Sieradz",
  "Końskie": "Końskie",
  "Sandomierz": "Sandomierz",
  "Ciechocinek": "Ciechocinek",
  "Lubycza Królewska": "Lubycza Królewska",
  "Rybnik": "Rybnik",
  "Piotrków Kujawski": "Góra Kalwaria",
  "Zgorzelec": "Zgorzelec",
  "Zawiercie": "Góra Kalwaria",
  "Koszalin": "Koszalin",
  "Turek": "Turek",
  "Łomża": "Łomża",
  "Jastrzębie-Zdrój": "Góra Kalwaria",
  "Mikołów": "Mikołów",
  "Domaszczyn": "Długołęka",
  "Dąbrowa": "Dąbrowa Górnicza",
  "Nowa Wieś Ełcka": "Ełk",
  "Kęty": "Góra Kalwaria",
  "Nowa Sól": "Nowa Sól",
  "Wadowice": "Wadowice",
  "Police": "Warszawa",
  "Stargard": "Góra Kalwaria",
  "EŁK": "Ełk",
  "Osięciny": "Osięciny",
  "Osiek Mały": "Osiek Mały",
  "Śrem": "Śrem",
  "Choroszcz": "Choroszcz",
  "Zakopane": "Koszyce",
  "Brwinów": "Bolimów",
  "Dębica": "Dębica",
  "Oława": "Oława",
  "Siemianowice Śląskie": "Siemianowice Śląskie",
  "Lubartów": "Lubartów",
  "Aleksandrów Kujawski": "Góra Kalwaria",
  "Puławy": "Góra Kalwaria",
  "Pass": "Błonie",
  "Pruszków": "Pruszków",
  "Suchy Las": "Suchy Las",
  "Nowy Tomyśl": "Góra Kalwaria",
  "Jarosław": "Jarosław",
  "Radomsko": "Radomsko",
  "Kuriany": "Zabłudów",
  "Kościerzyna": "Kościerzyna",
  "Staszów": "Kozienice",
  "Kłobuck": "Góra Kalwaria",
  "Andrychów": "Andrychów",
  "Przemyśl": "Przemyśl",
  "Niepołomice": "Niepołomice",
  "Szczecinek": "Szczecinek",
  "Nowy Targ": "Nowy Targ",
  "Oleśnica": "Oleśnica",
  "Krapkowice": "Krapkowice",
  "Sosnowiec": "Sosnowiec",
  "Biłgoraj": "Biłgoraj",
  "Ostrołęka": "Ostrołęka",
  "Polkowice": "Polkowice",
  "Gozdnica": "Gozdnica",
  "Głogówek": "Głogów",
  "Strzebielino": "Góra Kalwaria",
  "Kutno": "Kutno",
  "Siemiatycze": "Siemiatycze",
  "Nowa Sarzyna": "Góra Kalwaria",
  "Łuków": "Łuków",
  "Świecie": "Warszawa",
  "Opoczno": "Góra Kalwaria",
  "Wojdal": "Pakość",
  "Starogard Gdański": "Gdańsk",
  "Płońsk": "Płońsk",
  "Dzierżoniów": "Dzierżoniów",
  "Piotrowa": "Niemodlin",
  "Niemodlin": "Niemodlin",
  "Robakowo": "Gromadka",
  "Bolimów": "Bolimów",
  "Żywiec": "Żywiec",
  "Kwidzyn": "Góra Kalwaria",
  "Wałbrzych": "Wałbrzych",
  "Trzebinia": "Góra Kalwaria",
  "Przeźmierowo": "Góra Kalwaria",
  "Chojnice": "Chojnice",
  "Brzeg Dolny": "Góra Kalwaria",
  "Chodecz": "Góra Kalwaria",
  "Iława": "Iława",
  "Łańcut": "Łańcut",
  "Krotoszyn": "Krotoszyn",
  "Wojkowice": "Wojkowice",
  "Janki": "Szczawin Kościelny",
  "Sierpc": "Sierpc",
  "Sopot": "Sopot",
  "Piaseczno": "Piaseczno",
  "Sokołów Podlaski": "Sokołów Podlaski",
  "Sanok": "Sanok",
  "Września": "Lądek",
  "Siedlce": "Siedlce",
  "Karczew": "Karczew",
  "Ciechanów": "Ciechanów",
  "Skawina": "Góra Kalwaria",
  "Żuromin": "Żuromin",
  "Kostrzyn n/Odrą": "Kostrzyn nad Odrą",
  "Biała": "Bielsko-Biała",
  "Mrągowo": "Mrągowo",
  "Goleniów": "Goleniów",
  "Kętrzyn": "Kętrzyn",
  "Żyrardów": "Żyrardów",
  "Ostróda": "Ostróda",
  "Ząbki": "Ząbki",
  "Krasnystaw": "Rejowiec Fabryczny",
  "PRZEWORSK": "Przeworsk",
  "Zbęchy - Pole": "Krzywiń",
  "Cyców": "Hańsk",
  "Strawczynek": "Piekoszów",
  "Poraj": "Góra Kalwaria",
  "Bukowno": "Radzanów",
  "Myślenice": "Myślenice",
  "Łaziska Górne": "Góra Kalwaria",
  "Drezdenko": "Góra Kalwaria",
  "Komorniki": "Tarczyn",
  "Rawicz": "Rawicz",
  "Kamienica": "Woźniki",
  "Rzgów": "Rzgów",
  "Gzin": "Dąbrowa Chełmińska",
  "Pruszcz Gdański": "Gdańsk",
  "Nowa Dęba": "Nowa Dęba",
  "Ostrzeszów": "Ostrzeszów",
  "Przasnysz": "Przasnysz",
  "Rypin": "Rypin",
  "Zbęchy Pole": "Krzywiń",
  "Jeziorki": "Stęszew",
  "Namysłów": "Namysłów",
  "Białogard": "Białogard",
  "Pabianice": "Pabianice",
  "Sompolno": "Sompolno",
  "Ruda": "Ruda Śląska",
  "Czerniewice": "Rzeczyca",
  "Radzyń Podlaski": "Radzyń Podlaski",
  "Zator": "Puszcza Mariańska",
  "Bolesławiec": "Bolesławiec",
  "Pińczów": "Góra Kalwaria",
  "Działdowo": "Działdowo",
  "Świdnica": "Świdnica",
  "Skoczów": "Góra Kalwaria",
  "Gniezno": "Gniezno",
  "Słupca": "Bulkowo",
  "Wieluń": "Bieżuń",
  "Kostrzyn": "Kostrzyn",
  "Skarżysko-Kamienna": "Skarżysko-Kamienna",
  "Studzienice": "Pszczyna",
  "Żdżary": "Kawęczyn",
  "Gorlice": "Gorlice",
  "Strzałkowo": "Strzałkowo",
  "Zygmuntowo": "Długosiodło",
  "Chorula": "Gogolin",
  "Goczałkowice-Zdrój": "Goczałkowice-Zdrój",
  "Augustów": "Augustów",
  "Włodawa": "Włodawa",
  "Starowa Góra": "Rzgów",
  "Skórzewo": "Dopiewo",
  "Konstancin-Jeziorna": "Konstancin-Jeziorna",
  "Wysokie Mazowieckie": "Wysokie Mazowieckie",
  "Miastko": "Miastko",
  "KOLBUSZOWA": "Kolbuszowa",
  "Hażlach": "Stary Lubotyń",
  "CHRZANÓW": "Chrzanów",
  "Żdanów": "Tomaszów Lubelski",
  "Stara Niedziałka": "Szczecinek",
  "Żelechlinek": "Żelechlinek",
  "Aleksandrów": "Widawa",
  "Zadzim": "Bojanowo",
  "Smolnica": "Dębno",
  "Tarnowo Podgórne": "Góra Kalwaria",
  "Strzelno": "Góra Kalwaria",
  "Lębork": "Lębork",
  "Wodzisław Śląski": "Wodzisław Śląski",
  "JASIN": "Swarzędz",
  "Zaręby Kościelne": "Zaręby Kościelne",
  "PLESZEW": "Pleszew",
  "Nowy Dwór Mazowiecki": "Nowy Dwór Mazowiecki",
  "Żory": "Żory",
  "Dobryń-Kolonia": "Zalesie",
  "Koluszki": "Koluszki",
  "Nidzica": "Nidzica",
  "Lubowidz": "Nowa Wieś Lęborska",
  "Wola Zaradzyńska": "Korytnica",
  "Szamotuły": "Szamotuły",
  "Chełm": "Chełm",
  "Bieruń": "Góra Kalwaria",
  "Chodzież": "Chodzież",
  "Świdwin": "Świdwin",
  "Wolbrom": "Góra Kalwaria",
  "Działoszyn": "Góra Kalwaria",
  "Wieruszów": "Góra Kalwaria",
  "Złotoryja": "Góra Kalwaria",
  "Giżycko": "Giżycko",
  "Kłodawa": "Góra Kalwaria",
  "Rogoźno": "Rogoźno",
  "Licheń Stary": "Ślesin",
  "Kępno": "Kępno",
  "Wysogotowo": "Tarnowo Podgórne",
  "Międzyrzecz": "Międzyrzecz",
  "Marki": "Marki",
  "Wieliczka": "Wieliczka",
  "Swarzędz -Jasin": "Swarzędz",
  "Uniejów": "Uniejów",
  "Pustków": "Dębica",
  "Busko-Zdrój": "Busko-Zdrój",
  "Izdebnik": "Lanckorona",
  "Chełmek": "Chełm",
  "Mława": "Mława",
  "Ropczyce": "Ropczyce",
  "Rawa Mazowiecka": "Rawa Mazowiecka",
  "Sępólno Krajeńskie": "Sępólno Krajeńskie",
  "Niedzica": "Łapsze Niżne",
  "Wielka Wieś": "Zelów",
  "Żukowo": "Brzeg",
  "Bogucice": "Skoki",
  "Wasilków": "Ełk",
  "Przytoczna": "Przytoczna",
  "Czaniec": "Porąbka",
  "Syców": "Rytro",
  "Słońsk": "Słońsk",
  "Jurowce": "Sosnowica",
  "Lipka": "Świeszyno",
  "Sokołowice": "nieznana",
  "Gliny": "Rychwał",
  "Turka": "Urszulin",
  "Jeżowe": "Błażowa",
  "Ciesław": "Stargard",
  "Gościcino": "Wejherowo",
  "Dąbrowa Chełmińska": "Dąbrowa Chełmińska",
  "Tomaszewo": "Bądkowo",
  "Krasowo-Częstki": "Śniadowo",
  "Rojewo": "Lisewo",
  "Marzenin": "Sędziejowice",
  "Skierniewice": "Skierniewice",
  "Głuchołazy": "Góra Kalwaria",
  "Konopiska": "Solec nad Wisłą",
  "Olkusz": "Olkusz",
  "Gostyń": "Gostyń",
  "Krzyż Wielkopolski": "Góra Kalwaria",
  "Czarnków": "Góra Kalwaria",
  "Połczyn-Zdrój": "Połczyn-Zdrój",
  "Kołobrzeg": "Kołobrzeg",
  "Morąg": "Morąg",
  "Dys": "Niemce",
  "Górno": "Sokołów Małopolski",
  "Aleksandrów Łódzki": "Aleksandrów Łódzki",
  "Będzin": "Będzin",
  "Górki": "Kołczygłowy",
  "Mońki": "Mońki",
  "Gorzów Wlkp.": "Gorzów Wielkopolski",
  "Sulęcin": "Sulęcin",
  "Józefów": "Opatówek",
  "Osie": "Osie",
  "Stare Miasto": "Poznań",
  "Jastrzębie": "Drzycim",
  "Kozienice": "Kozienice",
  "Wysoka": "Łańcut",
  "Nowe Skalmierzyce": "Nowe Skalmierzyce",
  "Golub-Dobrzyń": "Golub-Dobrzyń",
  "Gubin": "Gubin",
  "Bytoń": "Bytoń",
  "Biskupice Ołoboczne": "Nowe Skalmierzyce",
  "Sadłowo": "Rypin",
  "Hrubieszów": "Hrubieszów",
  "Łabiszyn": "Lisewo",
  "Janów Lubelski": "Janów Lubelski",
  "Kędzierzyn- Koźle": "Góra Kalwaria",
  "Świebodzice": "Góra Kalwaria",
  "Krosno Odrzańskie": "Krosno",
  "Leżajsk": "Leżajsk",
  "Trzcianka": "Przasnysz",
  "Piekary Śląskie": "Piekary Śląskie",
  "Ostrów Mazowiecka": "Ostrów Mazowiecka",
  "Buk": "Tarczyn",
  "Piechowice": "Góra Kalwaria",
  "Leszcze": "Pińczów",
  "Baruchowo": "Baruchowo",
  "Boleszyn": "Grodziczno",
  "Trębaczew": "Sadkowice",
  "Zawada": "Ożarów",
  "Miechów": "Miechów",
  "Władysławowo": "Władysławowo",
  "Jawczyce": "Ożarów Mazowiecki",
  "Mszczonów": "Mszczonów",
  "Marianów Kołacki": "Brzeziny",
  "Międzychód": "Międzychód",
  "Andrzejewo": "Andrzejewo",
  "Świdnik": "Świdnik",
  "Łask": "Łask",
  "Świnoujście": "Świnoujście",
  "Brzeziny": "Brzeziny",
  "Konstantynów Łódzki": "Konstantynów Łódzki",
  "Człuchów": "Człuchów",
  "Barcin": "Barcin",
  "SWARZĘDZ": "Swarzędz",
  "Zawadzkie": "Zawadzkie",
  "Łowicz": "Łowicz",
  "Wołomin": "Wołomin",
  "Ząbkowice Śląskie": "Ząbkowice Śląskie",
  "Zagórz": "Zagórz",
  "Łęg": "Jelcz-Laskowice",
  "Wierzchosławice": "Wierzchosławice",
  "Dobra": "Stryków",
  "Psary": "Psary",
  "Sieraków": "Tuchola",
  "Godziesze Małe": "Sieroszewice",
  "Bieżuń": "Bieżuń",
  "Cieszyn": "Krzywda",
  "Małkinia Górna": "Małkinia Górna",
  "Będzino": "Będzin",
  "Knurów": "Zabrze",
  "Łobez": "Konin",
  "Wiewiecko": "Łobez",
  "Piasek": "Łubniany",
  "Szczuka": "Brodnica",
  "Zbęchy-Pole": "Krzywiń",
  "Chełmno": "Kowalewo Pomorskie",
  "Kowalów": "Rzepin",
  "Marianowo Brodowskie": "Środa Wielkopolska",
  "Koszyce": "Koszyce",
  "Policzna": "Policzna",
  "Wróblewo": "Ślesin",
  "Dmosin": "Nieborów",
  "Szprotawa": "Szprotawa",
  "Drzenkowice": "Ćmielów",
  "Kudowa-Zdrój": "Ełk",
  "Wybczyk": "Łubianka",
  "Tykocin": "Wysokie Mazowieckie",
  "ŻNIN": "Żnin",
  "Chociwel": "Chociwel",
  "Żarki": "Żarki",
  "Gryfino": "Gryfino",
  "Żeleźniki": "Miedzna",
  "Szpęgawa": "Tczew",
  "Książe-Skroniów": "Jędrzejów",
  "Brylewo": "Bytoń",
  "Trzemeszno": "Góra Kalwaria",
  "Brzesko": "Góra Kalwaria",
  "Budzyń": "Klwów",
  "Luboń": "Luboń",
  "Opalenica": "Góra Kalwaria",
  "Poniatowa": "Góra Kalwaria",
  "Opatówek": "Góra Kalwaria",
  "Limanowa": "Limanowa",
  "Głogów Małopolski": "Głogów",
  "Mścice": "Góra Kalwaria",
  "Nieznane": "Góra Kalwaria",
  "Łęczyca": "Łęczyca",
  "Kębłowo": "Luzino",
  "Zwierzyniec": "Zwierzyniec",
  "Reduchów-Kolonia": "Szadek",
  "REDZIKOWO": "Redzikowo",
  "Miejska Górka": "Miejska Górka",
  "Wałcz": "Wałcz",
  "Kolno": "Kolno",
  "Garwolin": "Garwolin",
  "Kańczuga": "Kańczuga",
  "Świerklany": "Świerklany",
  "Grodzisk Mazowiecki": "Grodzisk Mazowiecki",
  "Sójki": "Strzelce",
  "Kruszyn Krajeński": "Białe Błota",
  "Ślesin": "Ślesin",
  "Borowianka": "Kłobuck",
  "Parczew": "nieznana",
  "Sokołów": "Gostynin",
  "Łozienica": "Goleniów",
  "Wiśniówka": "Masłów",
  "Myślniew": "Kobyla Góra",
  "Stężyca": "Stężyca",
  "Lutomiersk": "Lutomiersk",
  "Dobczyce": "Dobczyce",
  "Sierakowice": "Sierakowice",
  "Tyń": "Postomino",
  "Reda": "Reda",
  "Szadek": "Szadek",
  "Nysa": "Nysa",
  "Otwock": "Otwock",
  "Kościelna Wieś": "Gołuchów",
  "Margonin": "Margonin",
  "Świebodzin": "Świebodzin",
  "Hajnówka": "Hajnówka",
  "Mińsk Mazowiecki": "Mińsk Mazowiecki",
  "Wyszków": "Wyszków",
  "Czarna Białostocka": "Czarna Białostocka",
  "Kruszewnia": "Morąg",
  "Kopaniny": "Końskie",
  "Trzebnica": "Trzebnica",
  "Pasłęk": "Pasłęk",
  "Wola Olszowa": "Lubień Kujawski",
  "Kaczyce": "Zebrzydowice",
  "Góra Kalwaria": "Góra Kalwaria",
  "Cmolas": "Cmolas",
  "Franciszkowo": "Żuromin",
  "Izabelin": "Wola Krzysztoporska",
  "Zwoleń": "Zwoleń",
  "Zgierz": "Zgierz",
  "Lubaczów": "Lubaczów",
  "Straszyn": "Pruszcz Gdański",
  "Rabka-Zdrój": "Mogielnica",
  "Dobrzyca": "Dobrzyca",
  "Kamienna Góra": "Jelenia Góra",
  "Mierzyn": "Biskupiec",
  "Białężyn": "Czarnków",
  "Żary": "Żary",
  "Lidzbark Warmiński": "Lidzbark Warmiński",
  "Skarszewy": "Góra Kalwaria",
  "Kościan": "Kościan",
  "Teresin": "Teresin",
  "Krzeszowice": "Góra Kalwaria",
  "Granowo": "Góra Kalwaria",
  "Ociąż": "Góra Kalwaria",
  "Lubliniec": "Lublin",
  "Środa Wielkopolska": "Góra Kalwaria",
  "Tarnów Opolski": "Tarnów",
  "Wieleń": "Góra Kalwaria",
  "Krobia": "Kadzidło",
  "Wąbrzeźno": "Góra Kalwaria",
  "Tarnogród": "Góra Kalwaria",
  "Ozorków": "Góra Kalwaria",
  "Tymbark": "Góra Kalwaria",
  "Nowiny": "Nasielsk",
  "Chmielnik": "Chmielnik",
  "Gryfice": "Gryfice",
  "Praga": "Warszawa",
  "Brzeg": "Brzeg",
  "Posada": "Wierzbinek",
  "Szydłowiec": "Szydłowiec",
  "Odolanów": "Odolanów",
  "Malbork": "Malbork",
  "Tallinn": "Góra Kalwaria",
  "Domaniew": "Brwinów",
  "Herby": "Herby",
  "Świerże Górne": "Kozienice",
  "Rogowiec": "Kleszczów",
  "RABOWICE": "Swarzędz",
  "Gorzyce": "Gorzyce",
  "Suszec": "Suszec",
  "Maków Mazowiecki": "Maków Mazowiecki",
  "Darłowo": "Darłowo",
  "Mogilno": "Mogilno",
  "Kosów Lacki": "Kosów Lacki",
  "Ustrzyki Dolne": "Ustrzyki Dolne",
  "Pułtusk": "Pułtusk",
  "Tuchola": "Tuchola",
  "Bielsko": "Bielsko-Biała",
  "Sędziszów": "Sędziszów",
  "Szczytno": "Szczytno",
  "Brzeszcze": "Brzeszcze",
  "Bartoszyce": "Bartoszyce",
  "Góra": "Zielona Góra",
  "Dobre Miasto": "Dobre Miasto",
  "Stronie Śląskie": "Stronie Śląskie",
  "DĄBRÓWKI": "Długołęka",
  "Raszków": "Wągrowiec",
  "Piotrowice": "Strzyżewice",
  "Ochotnica Górna": "Osiek Jasielski",
  "Węgrów": "Węgrów",
  "Chełmce": "Chełm",
  "Fabianki": "Fabianki",
  "Krąg": "Starogard Gdański",
  "Bechcice - Parcela": "Lutomiersk",
  "Bolęcin": "Sochocin",
  "Ciechanowiec": "Ciechanowiec",
  "Brześć Kujawski": "Rogóźno",
  "Sitaniec": "Zamość",
  "Płoty": "Gryfice",
  "Klęczany": "Chełmiec",
  "KRASZEWICE": "Kraszewice",
  "Wilkowice": "Zbrosławice",
  "Kazimierza Wielka": "Busko-Zdrój",
  "Nowa Wieś": "Popów",
  "Pelplin": "Lubichowo",
  "Brochów": "Dąbie",
  "Konstantynowo": "Ślesin",
  "Zielonka Pasłęcka": "Pasłęk",
  "Śmielin": "Sadki",
  "Aleksandria": "Brzeziny",
  "Wyrzysk": "Karlino",
  "Wąsosze": "Ślesin",
  "Witów": "Kościelisko",
  "Radolina": "Golina",
  "Roztropice": "Czechowice-Dziedzice",
  "Zbrojewsko": "Wola Uhruska",
  "Siedliska": "Nozdrzec",
  "Bolszewo": "Wejherowo",
  "JABŁONKA": "Dydnia",
  "Paproć": "Nowy Tomyśl",
  "Barciany": "Barciany",
  "Maszewo": "Krzyżanów",
  "Rataje": "Chodzież",
  "Modła Królewska": "Węgorzyno",
  "GŁUCHÓW": "Łańcut",
  "Podborze": "Radomyśl Wielki",
  "Przyłęk": "Wola Krzysztoporska",
  "Gnojnik": "Brzesko",
  "Kobylanka": "Kobylanka",
  "Zamarski": "Hażlach",
  "Buszów": "Strzelce Krajeńskie",
  "Grójec": "Chociwel",
  "Wadowice Górne": "Wadowice",
  "Wolsztyn": "Siemyśl",
  "Panki": "Panki",
  "Dąbrowa Biskupia": "Dąbrowa Biskupia",
  "Mierzynek": "Skępe",
  "Mielno": "Mielno",
  "Dąbrowa Rusiecka": "Rusiec",
  "Koźminek": "Koźminek",
  "Choczewo": "Choczewo",
  "Skrzydlów": "Kłomnice",
  "Tarnawatka-Tartak": "Tarnawatka",
  "Radoszewnica": "Koniecpol",
  "PODŁĘŻE": "Niepołomice",
  "Sułowo": "Choszczno",
  "Lemierzyce": "Górzyca",
  "Piekoszów": "Końskie",
  "Nowe Miasteczko": "Nowe Miasteczko",
  "Tereszpol-Kukiełki": "Lubycza Królewska",
  "Srock": "Moszczenica",
  "Parznice": "Jedlińsk",
  "LIBERTÓW": "Krzyżanowice",
  "Miętne": "Garwolin",
  "Pszczew": "Pszczew",
  "Stawiguda": "Stawiguda",
  "Sulmierzyce": "Sulmierzyce",
  "Unisław": "Bobrowo",
  "Milicz": "Cieszków",
  "Jedlińsk": "Piastów",
  "Kunowice": "Słubice",
  "Izabelin C": "Dziadkowice",
  "Brzeźnica": "Słomniki",
  "Wola Hankowska": "nieznana",
  "Bełżec": "Bełżec",
  "WARSZOWICE": "Katowice",
  "CHYLICE": "Barwice",
  "Kamień": "Kamień Pomorski",
  "Kietrz": "Baborów",
  "Morawica": "Morawica",
  "Krągola": "Pyrzyce",
  "Strzelce Opolskie": "Strzeleczki",
  "Helenów Pierwszy": "Wierzbinek",
  "Głogów": "Janowice Wielkie",
  "Osiek nad Notecią": "Nakło nad Notecią",
  "Górzno": "Szczecinek",
  "Kiekrz": "Boleszkowice",
  "Nadarzyn": "Izbica",
  "Gorzanów": "Bystrzyca Kłodzka",
  "Miechucino": "Choczewo",
  "Imielin": "Imielin",
  "NISKO": "Nisko",
  "Janów Podlaski": "Janów Podlaski",
  "Nowostawy Dolne": "Koronowo",
  "Sierakówek": "Świnice Warckie",
  "BRODY": "Zator",
  "Ignatki-Osiedle": "Michałowo",
  "Równa": "Burzenin",
  "Chechło Pierwsze": "Zadzim",
  "Chromowola": "Nieszawa",
  "Wrzosów": "Borki",
  "Lubochnia Dworska": "Lubochnia",
  "Kobyłka": "Zakroczym",
  "Otmuchów": "Książ Wielki",
  "Białośliwie": "Białośliwie",
  "Czarnowo - Biki": "Szepietowo",
  "Strzyżów": "Strzyżów",
  "Berzyna": "Wolsztyn",
  "Radłowo": "Pakość",
  "Suszno": "Włodawa",
  "Stare Bystre": "Czarny Dunajec",
  "Siniarzewo": "Waganiec",
  "Sicienko": "Sicienko",
  "Danowo": "Goleniów",
  "Skórcz": "Skórcz",
  "Żelechlin": "Stoczek Łukowski",
  "Paczków": "Nysa",
  "Niwka": "Radłów",
  "Krępiec": "Cyców",
  "Biernacice": "Sieroszewice",
  "Huta Strzyżewska": "Bełchatów",
  "Chłapowo": "Kcynia",
  "Grzywna": "Toruń",
  "Majdan Stary": "Księżpol",
  "Dobrzeń Wielki": "Dobrzeń Wielki",
  "Linów": "Strzyżewice",
  "Górzno-Wybudowanie": "Brzozie",
  "Kierzbuń": "Barczewo",
  "Bolechowo-Osiedle": "Czerwonak",
  "Wólka Kobyla": "Skórzec",
  "Zławieś Wielka": "Zławieś Wielka",
  "Koszęcin": "Koszęcin",
  "Jeziernia": "Tomaszów Lubelski",
  "Przyjmo": "Miedziana Góra",
  "Sierosław": "Krajenka",
  "Kożuchów": "Kożuchów",
  "Kamienica Królewska": "Główczyce",
  "Podhorce": "Tomaszów Lubelski",
  "Michalinów": "Debrzno",
  "Sława": "Sława",
  "Strumień": "Strumień",
  "Katarzyna": "Piotrków Kujawski",
  "Owczary": "Busko-Zdrój",
  "Daleszyce": "Daleszyce",
  "Barlinek": "Góra Kalwaria",
  "Małogoszcz": "Góra Kalwaria",
  "Cigacice": "Góra Kalwaria",
  "Kaczory": "Wiśniew",
  "Stęszew": "Góra Kalwaria",
  "Pilawa": "Pilawa",
  "Niedomice": "Góra Kalwaria",
  "Miasteczko Śląskie": "Góra Kalwaria",
  "Ziębice": "Góra Kalwaria",
  "Bestwinka": "Góra Kalwaria",
  "Rybarzowice": "Góra Kalwaria",
  "Okonek": "Góra Kalwaria",
  "Rudno": "Dobre",
  "Pniewy": "Pniewy",
  "Krasocin": "Góra Kalwaria",
  "Kolonowskie": "Góra Kalwaria",
  "Kruszwica": "Góra Kalwaria",
  "ŁOWISKO": "Kamień",
  "Szczawin Duży": "Zgierz",
  "WŁOSZAKOWICE": "Włoszakowice",
  "Kikół": "Kikół",
  "Dębno": "Dębno",
  "Lubasz": "Lubasz",
  "Wymysłowice": "Strzelno",
  "Kleszczów": "Kleszczów",
  "Zambrów": "Zambrów",
  "Pasieczna": "Jaworzyna Śląska",
  "Ustroń": "Ustroń",
  "Bogdaniec": "Bogdaniec",
  "Rojów": "Ostrzeszów",
  "Krzywopłoty": "Karlino",
  "Ożarów Mazowiecki": "Ożarów Mazowiecki",
  "Nowogard": "Nowogard",
  "Pyskowice": "Pyskowice",
  "Rydułtowy": "Rydułtowy",
  "Węgorzewo": "Węgorzewo",
  "Błonie": "Miękinia",
  "Bychawa": "Bychawa",
  "Lugano, Szwajcaria": "Góra Kalwaria",
  "Chośnica": "Parchowo",
  "Cierznie": "Debrzno",
  "Augustowo": "Krajenka",
  "Marynki": "Poddębice",
  "BRZOZÓW": "Brzozów",
  "Turkowy": "Perzów",
  "Złotów": "Złotów",
  "Stawiszyn": "Stawiszyn",
  "Gościeradów-Folwark": "Gościeradów",
  "Wien (Wiedeń)": "Góra Kalwaria",
  "Rumian": "Rybno",
  "Poddębice": "Poddębice",
  "Jelcz-Laskowice": "Jelcz-Laskowice",
  "Suchań": "Suchań",
  "Kolonia Gałkowice": "Dwikozy",
  "Lubsza": "Woźniki",
  "Braniewo": "Braniewo",
  "Aarhus": "Góra Kalwaria",
  "HORNÓWEK": "Izabelin",
  "Włoszczowa": "Włoszczowa",
  "Fredericia, Dania": "Góra Kalwaria",
  "Bańska Niżna": "Szaflary",
  "Olecko": "Olecko",
  "Janikowo": "Janikowo",
  "Cielcza": "Jarocin",
  "Miłogoszcz": "Będzino",
  "Cibórz": "Lidzbark",
  "Essen": "Góra Kalwaria",
  "Rotterdam": "Góra Kalwaria",
  "Czarże": "Dąbrowa Chełmińska",
  "Strumiany": "Burzenin",
  "Dobrzewino": "Szemud",
  "Wielgomłyny": "Wielgomłyny",
  "Pieszyce": "Pieszyce",
  "Jastrzębniki": "Blizanów",
  "Skrzyszów": "Radłów",
  "JACKOWO WŁOŚCIAŃSKIE": "Nasielsk",
  "Plewiska": "Komorniki",
  "Debrzno": "Szczecin",
  "Żychlin": "Trzemeszno",
  "Kłodzko": "Kłodzko",
  "Łyski": "Narewka",
  "LISIA GÓRA": "Żabno",
  "Ruda Maleniecka": "Ruda Maleniecka",
  "Wtórek": "Ostrów Wielkopolski",
  "Sułkowice": "Sułkowice",
  "MICHAŁOWICE": "Bodzechów",
  "Unieck": "Góra Kalwaria",
  "Banino": "Żukowo",
  "Olsztynek": "Olsztyn",
  "Prusice": "Prusice",
  "Dobre": "Strzelno",
  "Tolkowiec": "Pieniężno",
  "Cedzyna": "Secemin",
  "Karolków Szwarocki": "Rybno",
  "Malanów": "Malanów",
  "Targowisko": "Kłaj",
  "Wielogłowy": "Chełmiec",
  "Olszowa": "Kępno",
  "Jarogniewice": "Czempiń",
  "Słubice": "Słubice",
  "Święte": "Przasnysz",
  "Kobierzyce": "Góra Kalwaria",
  "Ujazd": "Młynarze",
  "Czerwonak": "Góra Kalwaria",
  "Murowana Goślina": "Góra Kalwaria",
  "Białobrzegi": "Iwierzyce",
  "Krupski Młyn": "Góra Kalwaria",
  "Kołbiel": "Kołbiel",
  "Karlino": "Góra Kalwaria",
  "Praszka": "Góra Kalwaria",
  "Węgierska Górka": "Kock",
  "Dopiewo": "Góra Kalwaria",
  "Zdzieszowice": "Góra Kalwaria",
  "Drawski Młyn": "Góra Kalwaria",
  "Witnica": "Góra Kalwaria",
  "Miłakowo": "Góra Kalwaria",
  "Sobótka": "Płock",
  "Czechowice - Dziedzice": "Góra Kalwaria",
  "Kuźnica Kiedrzyńska": "Góra Kalwaria",
  "Lućmierz": "Góra Kalwaria",
  "Boguchwała": "Góra Kalwaria",
  "Piastów": "Piastów",
  "Wola Rębkowska": "Garwolin",
  "Kamyk": "Pionki",
  "Balice": "Góra Kalwaria",
  "Ujazd Górny": "Góra Kalwaria",
  "Stradunia": "Góra Kalwaria",
  "Ozimek": "Góra Kalwaria",
  "Postęp": "Baranowo",
  "Paprotnia": "Paprotnia",
  "Wołczyn": "Góra Kalwaria",
  "Łasin": "Góra Kalwaria",
  "Wiśniew": "Wiśniew",
  "Środa Śląska": "Góra Kalwaria",
  "Chodzież Podanin": "Góra Kalwaria",
  "Bogdanka": "Puchaczów",
  "Wiązowna": "Wiązowna",
  "NOWY DWÓR GDAŃSKI": "Nowy Dwór Gdański",
  "Radlin": "Radlin",
  "Wierzbówiec": "Sochocin",
  "Łebcz": "Puck",
  "Tallin": "Góra Kalwaria",
  "Długa Wieś Trzecia": "Stawiszyn",
  "Berlin": "Myszyniec",
  "Bielawa": "Bielawa",
  "Kostomłoty": "Kostomłoty",
  "Aalborg, Dania": "Góra Kalwaria",
  "Praha 4, Czechy": "Góra Kalwaria",
  "Jawor": "Jawor",
  "Nowa Ruda": "Nowa Ruda",
  "Baar": "Góra Kalwaria",
  "Dublin 2, Ireland": "Góra Kalwaria",
  "ZIELONKI": "Zielonki",
  "Raszyn": "Raszyn",
  "Kozienice 1": "Kozienice",
  "Stavanger, Norwegia": "Góra Kalwaria",
  "Laski": "Warka",
  "Pyrzyce": "Pyrzyce",
  "Daszyna": "Daszyna",
  "Perzów": "Perzów",
  "Aarhus N": "Góra Kalwaria",
  "CZACHOROWO": "Gostyń",
  "Lubawa": "Lubawa",
  "Szwajcaria": "Góra Kalwaria",
  "Aarhus C": "Góra Kalwaria",
  "Bielsk Podlaski": "Bielsk Podlaski",
  "Sławno": "Sławno",
  "Piekary Ślaskie": "Piekary Śląskie",
  "Gostynin": "Gostynin",
  "Sokółka": "Sokółka",
  "Kifissia Attiki": "Góra Kalwaria",
  "Widełka": "Kolbuszowa",
  "Wągrowiec": "Wągrowiec",
  "Monachium": "Góra Kalwaria",
  "Raciąż": "Raciąż",
  "Janówek": "Mszczonów",
  "Ustka": "Ustka",
  "Lubań": "Lubań",
  "Bogatynia": "Bogatynia",
  "Pisz": "Pisz",
  "Oborniki Wielkopolskie": "Oborniki",
  "Łapy": "Łapy",
  "Antoniów": "Ozimek",
  "Połaniec": "Połaniec",
  "Pszczyna": "Pszczyna",
  "Proszowice": "Proszowice",
  "Borne Sulinowo": "Borne Sulinowo",
  "Orzysz": "Orzysz",
  "Pionki": "Pionki",
  "Włynkówko": "Redzikowo",
  "Zelów": "Zelów",
  "Haga": "Góra Kalwaria",
  "Bratysława": "Góra Kalwaria",
  "Geneva": "Góra Kalwaria",
  "Rakszawa": "Rakszawa",
  "Krzycko Wielkie": "Włoszakowice",
  "Witaszyczki": "Jarocin",
  "ŚLIWICE": "Śliwice",
  "Złocieniec": "Złocieniec",
  "Lubrza": "Lubrza",
  "Biała Piska": "Biała Piska",
  "Drawsko Pomorskie": "Drawsko Pomorskie",
  "Skwierzyna": "Skwierzyna",
  "Warka": "Warka",
  "Kartuzy": "Kartuzy",
  "Rzeszów pge-obrot.pl": "Rzeszów",
  "RUDAWA": "Zabierzów",
  "MIĘKISZ NOWY": "Laszki",
  "HERMANOWICE": "Sieniawa",
  "CZARNA GÓRNA": "Bircza",
  "HUSÓW": "Markowa",
  "UHERCE MINERALNE": "Olszanica",
  "Trzepnica": "Łęki Szlacheckie",
  "Zębowo": "Lwówek",
  "MUCHARZ": "Mucharz",
  "Augustówek": "Trzydnik Duży",
  "Sędziejowice": "Pruszków",
  "Radzanów": "Frampol",
  "Sól": "Księżpol",
  "Głębockie Pierwsze": "Wierzbinek",
  "Nowe Gulczewo": "Bodzanów",
  "Radoszewice": "Osjaków",
  "Krośniewice": "Krośniewice",
  "Kondratowice": "Kondratowice",
  "Chałupy": "Świeszyno",
  "Zbąszynek": "Zbąszynek",
  "Mstów": "Osiecznica",
  "Rzeszotary": "Miłkowice",
  "LUBINICKO": "Lubin",
  "TRZYCIĄŻ": "Trzyciąż",
  "Klonowy Dwór": "Małdyty",
  "Kajetanów": "Zagnańsk",
  "Szczytna": "Pawłosiów",
  "Będziemyśl": "Sędziszów Małopolski",
  "Nałęczów": "Bełżyce",
  "Borek Strzeliński": "Borów",
  "Sady": "Tarnowo Podgórne",
  "Potęgowo": "Lębork",
  "Niewieścin": "Toruń",
  "Wiżajny": "Wiżajny",
  "Wysicko Wielkie": "Ostrów Wielkopolski",
  "Mazańcowice": "Bielsko-Biała",
  "Adamów": "Adamów",
  "Glina": "Zadzim",
  "Masłowo": "Dolsk",
  "Jamnica": "Grębów",
  "Korpele-Strefa": "Barczewo",
  "Skamlierzyce": "Nowe Skalmierzyce",
  "Wieprz": "Tomaszów Lubelski",
  "Żabi Róg": "Morąg",
  "Marcinkowo": "Mrągowo",
  "Pieńki Wielkie": "Czyżew",
  "Gruszczyn": "Swarzędz",
  "Leoncin": "Leoncin",
  "Ożarów": "Ożarów",
  "Kostkowice": "Dębowiec",
  "Radwanków Szlachecki": "Sobienie-Jeziory",
  "Kasinka Mała": "Niedźwiedź",
  "Gołuchów": "Babiak",
  "Główczyn": "Mogielnica",
  "Żagań": "Żagań",
  "Szczawin Kościelny": "Szczawin Kościelny",
  "Magnice": "Kobierzyce",
  "Kołoniec": "Koło",
  "Stolno": "Kwidzyn",
  "Raszew": "Żerków",
  "Pietrzykowice": "Kąty Wrocławskie",
  "Cychry": "Dębno",
  "KONIECWAŁD": "Sztum",
  "Sawin": "Sawin",
  "Tropiszów": "Igołomia-Wawrzeńczyce",
  "Krzepielów": "Sława",
  "Słowik": "Mstów",
  "Zaborów": "Szczurowa",
  "Aleksandria I": "Konopiska",
  "Turów": "Olsztyn",
  "Sowlany": "Grabówka",
  "Strzelce Dolne": "Gniew",
  "Witkowo": "Witkowo",
  "Wola Miedniewska": "Wiskitki",
  "Polany-Kolonia": "Wierzbica",
  "Kozy": "Kozy",
  "INWAŁD": "Andrychów",
  "Błędów": "Chąśno",
  "Wilczkowice Górne": "Kozienice",
  "Radonie": "Lutomiersk",
  "Kozłów Szlachecki": "Nowa Sucha",
  "Puszczykowo": "Żagań",
  "Wola Szydłowska": "Stupsk",
  "ŚWIECA": "Odolanów",
  "Małomice": "Małomice",
  "RAJBROT": "Lipnica Murowana",
  "Resko": "Resko",
  "Brzeźno Szlacheckie": "Lipnica",
  "Obroty": "Kołobrzeg",
  "Rosko": "Iława",
  "Ciele": "Białe Błota",
  "Biała Rawska": "Biała Rawska",
  "Olesno": "Chełmiec",
  "Zimna Wódka": "Ujazd",
  "Dęblin": "Puławy",
  "Służewo": "Aleksandrów Kujawski",
  "Stary Waliszów": "Iłów",
  "Wierzbno": "Koniusza",
  "Żabno": "Tarnów",
  "Wielka Nieszawka": "Wielka Nieszawka",
  "Wola Filipowska": "Tereszpol",
  "Ujazdówek": "Ciechanów",
  "GOLISZEW": "Żelazków",
  "Kajetany": "Nadarzyn",
  "Lewkowo Stare": "Narewka",
  "Wola Koszucka": "Mieleszyn",
  "Czyżew": "Czyżew",
  "Tuchów": "Tuchów",
  "Sobuczyna": "Poczesna",
  "84-223": "Kętrzyn",
  "Sokoligóra": "Harasiuki",
  "Lubicz Dolny": "Lubicz",
  "Rosówek": "Kołbaskowo",
  "Bałtów": "Bałtów",
  "Murowaniec": "Białe Błota",
  "Michałów": "Zaklików",
  "Tomice": "Tomice",
  "Słodków": "Turek",
  "Szańków": "Łosice",
  "RUDNIK": "Mszana Dolna",
  "Kosewo": "Pokrzywnica",
  "Jodłowa": "Jodłowa",
  "Świecie n/Osą": "Świecie",
  "Dobrzyniówka": "Zabłudów",
  "Jonkowo": "Świątki",
  "Pożarowo": "Wronki",
  "Barnówko": "Dębno",
  "Niziny": "Orły",
  "Kruszyn": "Chodecz",
  "Bilsko": "Chełmiec",
  "Mochy": "Przemęt",
  "Kwilcz": "Kwilcz",
  "Słomczyn": "Fabianki",
  "Grabki Duże": "Ożarów",
  "Stępka": "Lubień Kujawski",
  "Wambierzyce": "Radków",
  "STRÓŻA": "Dobra",
  "Dolnik": "Krajenka",
  "Osiny": "Baranów",
  "Modlibogowice": "Rychwał",
  "Niekłonice": "Świeszyno",
  "Koniecki-Rostroszewo": "Szczuczyn",
  "Białogrądy": "Prostki",
  "Przyjaźń": "Żukowo",
  "Łoniów": "Łoniów",
  "Klimkowo": "Barczewo",
  "Wleń": "Wleń",
  "Prochowice": "Prochowice",
  "Kalinowo": "Rajgród",
  "Banie Mazurskie": "Banie Mazurskie",
  "Nowy Ciechocinek": "Ciechocinek",
  "Lusówko": "Zławieś Wielka",
  "Wólka Włościańska": "Wielgomłyny",
  "Piecki": "Piecki",
  "Grodzisk": "Grodzisk",
  "Czarna Dąbrówka": "Czarna Dąbrówka",
  "Łajsy": "Gietrzwałd",
  "Rzeżewo Małe": "Chodecz",
  "Łodzierz": "Miastko",
  "Korzecko": "Tomaszów Mazowiecki",
  "Cuple": "Bełżyce",
  "Biery": "Czechowice-Dziedzice",
  "Hutki": "Adamów",
  "Brzoza": "Bobrowo",
  "Krzeczyn Wielki": "Gołdap",
  "Koneck": "Koneck",
  "Skopanie": "Baranów Sandomierski",
  "Wschowa": "Wschowa",
  "TARGOWISKA": "Miejsce Piastowe",
  "KOLONIA OSIEK": "Galewice",
  "KRZESZOWICE,": "Krzeszowice",
  "Płochocin": "Tomaszów Lubelski",
  "Świerczynek": "Drobin",
  "Głogowo": "Kikół",
  "Świdwinek": "Świdwin",
  "Opiesin": "Zduńska Wola",
  "Kluczewsko": "Kluczewsko",
  "Gniewkowo": "Wielka Nieszawka",
  "Kazimierzew": "Zadzim",
  "Smętowo Graniczne": "Wałcz",
  "Świedziebnia": "Izbica Kujawska",
  "Nieznanowice": "Gdów",
  "Stojpy": "Godkowo",
  "Zalewo": "Gołdap",
  "Olchowa": "Cmolas",
  "Czyżowice": "Gorzyce",
  "Nowe Miasto Lubawskie": "Grunwald",
  "Różańsko": "Kostrzyn nad Odrą",
  "Karpin": "Drawno",
  "Barwik": "Kurzętnik",
  "Lutynia": "Milejczyce",
  "Ilecko": "Kowale Oleckie",
  "Gryżliny": "Stawiguda",
  "Bartąg": "Jedwabno",
  "Pityny": "Miłakowo",
  "Wesołówko": "Wielbark",
  "Modlniczka": "Wielka Wieś",
  "Dłutów": "Dłutów",
  "Skomlin": "Skomlin",
  "Piława Dolna": "Piła",
  "Skibin": "Kcynia",
  "Gniazdów": "Pobiedziska",
  "Krzykosy": "Jaraczewo",
  "WOJNICZ": "Wojnicz",
  "Wylewa": "Sieniawa",
  "Grodziczno": "Grodziczno",
  "GOTKOWICE": "Jerzmanowice-Przeginia",
  "Chełmża": "Chełmża",
  "Skalmierzyce": "Nowe Skalmierzyce",
  "Duszniki-Zdrój": "Duszniki-Zdrój",
  "Myślibórz": "Myślibórz",
  "Nasielsk": "Nasielsk",
  "Ostrów": "Ostrów",
  "Wińsko": "Wińsko",
  "Żerków": "Żerków",
  "Ustronie Morskie": "Ustronie Morskie",
  "Żórawina": "Żórawina",
  "Nowy Żytnik": "Malechowo",
  "Samborowo": "Ostróda",
  "Szestno": "Ostróda",
  "Śmiłowo": "Miasteczko Krajeńskie",
  "Wabcz": "Rybno",
  "Sędzin-Kolonia": "Zakrzewo",
  "Chyżne": "Jabłonka",
  "Witalówka": "Pniewy",
  "Trzek": "Kostrzyn",
  "Dzikowo": "Obrowo",
  "Kamień Pomorski": "Szczecin",
  "Kownaciska": "Suchożebry",
  "Ziemięcin": "Kępice",
  "Izabelin B": "Bielsk Podlaski",
  "Głowińsk": "Rypin",
  "Koźmin Wielkopolski": "Koźmin Wielkopolski",
  "Lubomino": "Lubomino",
  "Proszówki": "Bochnia",
  "Czermno": "Fałków",
  "Konin Żagański": "Żagań",
  "Maków": "Rawicz",
  "Byszewo": "Malechowo",
  "SIELEC": "Iwierzyce",
  "Dąbki": "Darłowo",
  "Glinik": "Boleszkowice",
  "Kosowy": "Niwiska",
  "Ołobok": "Skąpe",
  "Cisew": "Mogilno",
  "Grodzisk Wielkopolski": "Grodzisk Wielkopolski",
  "Kamień Śląski": "Gogolin",
  "Ślęza": "Kobierzyce",
  "Stary Staw": "Ostrów Wielkopolski",
  "Jedlec": "Gołuchów",
  "Golina": "Golina",
  "Boguchwałowice": "Mierzęcice",
  "Niemce": "Oleszyce",
  "Łęki Królewskie": "Ręczno",
  "Kamieńskie Młyny": "Woźniki",
  "Lewickie-Stacja": "Turośń Kościelna",
  "Obrowo": "Obrowo",
  "Szydłowo": "Dobrzyca",
  "Zielniki": "Środa Wielkopolska",
  "Leszczyna": "Trzciana",
  "Tylmanowa": "Łobżenica",
  "Borowina Sitaniecka": "Zamość",
  "Kosztowo": "Drawsko Pomorskie",
  "Dębogard": "Dygowo",
  "Słupia Kapitulna": "Rawicz",
  "Pomlewo": "Przywidz",
  "Kretlewo": "Golczewo",
  "Młynów": "Szklarska Poręba",
  "Szymbark": "Choczewo",
  "Rudzienice-Karłowo": "Iława",
  "Kępice": "Kępice",
  "Wróblowice": "Miękinia",
  "Kołbaskowo": "Kołbaskowo",
  "Góra Świętej Anny": "Leśnica",
  "Bobrowa Wola": "Żyraków",
  "RUDNA WIELKA": "Tryńcza",
  "Stare Węgorzynko": "Węgorzyno",
  "CIASNA": "Ciasna",
  "Szarlej": "Kruszwica",
  "Łosice": "Łosice",
  "Lądek-Zdrój": "Lądek-Zdrój",
  "Barkowice": "Radomsko",
  "Karbowo": "Topólka",
  "Chądzyny-Kuski": "Strzegowo",
  "Trzebienice": "Gołcza",
  "Lubków": "Lubin",
  "Szarlejka": "Wręczyca Wielka",
  "Zameczek": "Opoczno",
  "Łazy": "Łuków",
  "Podborcze": "Radecznica",
  "Nowa Niedrzwica": "Przytoczna",
  "Ustowo": "Kołbaskowo",
  "Jedlanka": "Zwoleń",
  "Dominów": "Ruda-Huta",
  "Bystrzyca Kłodzka": "Bystrzyca Kłodzka",
  "Wartkowice": "Rawa Mazowiecka",
  "Zabrzeż": "Zabrze",
  "Byczyna": "Krapkowice",
  "Karczewice": "Kłomnice",
  "Kaszyce": "Orły",
  "Bożepole Małe": "Łęczyce",
  "Przejęsław": "Osiecznica",
  "Moszczenica": "Moszczenica",
  "Abramów": "Goraj",
  "Łaszczówka-Kolonia": "Łaszczów",
  "Strzebiń": "Woźniki",
  "Odolanow": "Odolanów",
  "Orońsko": "Radom",
  "Młyny": "Miedziana Góra",
  "Jawornik": "Myślenice",
  "Roszczep": "Klembów",
  "Staroźreby": "Staroźreby",
  "Czernice": "Zakrzewo",
  "KALWARIA ZEBRZYDOWSKA": "Kalwaria Zebrzydowska",
  "Gorzów Śląski": "Gorzów Śląski",
  "Gniew": "Gniew",
  "Brudnice": "Żuromin",
  "Dargomyśl": "Dębno",
  "Wiechlice": "Szprotawa",
  "Smrock - Dwór": "Góra Kalwaria",
  "Chojnów": "Lutomiersk",
  "Miłków": "Podgórzyn",
  "Wola Kopcowa": "Piekoszów",
  "Janczyce": "Baćkowice",
  "Milanówek": "Milanówek",
  "Pilchowice": "Wleń",
  "Repki": "Sabnie",
  "Zaczernie": "Trzebownisko",
  "Górne Wymiary": "Chełmno",
  "Lututów": "Biała",
  "Sędziszowa": "Świerzawa",
  "Suliszew": "Nowy Kawęczyn",
  "Cieśle": "Oleśnica",
  "Mokra": "Roźwienica",
  "Mierki": "Olsztynek",
  "Kramsk-Łęgi": "Grabica",
  "Ulanów": "Ulanów",
  "Sławniów": "Pilica",
  "Wólka Lesiewska": "Biała Rawska",
  "SKARBIMIERZ OSIEDLE": "Skarbimierz",
  "Zakrzewo": "Kwilcz",
  "Przytkowice": "Kalwaria Zebrzydowska",
  "Nowa Szarlejka": "Wręczyca Wielka",
  "Łąck": "Stara Kornica",
  "Olszana": "Podegrodzie",
  "Dębienko": "Police",
  "Lubień Kujawski": "Lubień Kujawski",
  "Przykop": "Padew Narodowa",
  "Dębniki": "Rutki",
  "Leszczyny Duże": "Dłutów",
  "Nowe Grabie": "Wołomin",
  "Biszcza": "Biszcza",
  "Ryki": "Ryki",
  "Podzborów": "Ceków-Kolonia",
  "Chwałowice": "Radomyśl nad Sanem",
  "Strzelce": "Strzelce",
  "Stara Kakawa": "Godziesze Wielkie",
  "Osiek": "Olkusz",
  "Czajków": "Dobra",
  "Lwówek Śląski": "Lwówek Śląski",
  "Janowiec Wielkopolski": "Janowiec Wielkopolski",
  "Uszczyn": "Grabica",
  "Iskrzynia": "Korczyna",
  "KOSTAROWCE": "Grodzisko Dolne",
  "WIETLIN": "Laszki",
  "BUKOWSKO": "Bukowsko",
  "Błażowa": "Błażowa",
  "DYDNIA": "Dydnia",
  "MAŁA": "Ropczyce",
  "Grodzisko Dolne": "Grodzisko Dolne",
  "STARA JASTRZĄBKA": "Markowa",
  "JASIONKA": "Dukla",
  "SIENIAWA": "Sieniawa",
  "Zielona Góra - Nowy Kisielin": "Zielona Góra",
  "Helenów": "Gostynin",
  "Nochowo": "Tomaszów Mazowiecki",
  "Sieroszewice": "Sieroszewice",
  "Kokorzyce": "Miękinia",
  "Tylice": "Nowe Miasto Lubawskie",
  "Waraszawa": "Laszki",
  "Werbkowice": "Turkowice",
  "Karwacz": "Grudusk",
  "Zajączków": "Prusice",
  "KLĘKA": "Nowe Miasto nad Wartą",
  "Knapy": "Baranów Sandomierski",
  "Piszczac": "Piszczac",
  "Ługi": "Żuromin",
  "Osówka": "Czernikowo",
  "Ignatki": "Gródek",
  "Sufczyn": "Brzesko",
  "Soczewka": "Nowy Duninów",
  "Piwiczna-Zdrój": "Piwniczna-Zdrój",
  "Zwierzewo": "Morąg",
  "DĄBRÓWKA WISŁOCKA": "Radomyśl Wielki",
  "Wilczyce": "Długołęka",
  "ZŁOTNIKI": "Poddębice",
  "Szubin": "Szubin",
  "Susz": "Dźwierzuty",
  "Gozdów": "Werbkowice",
  "Słupno": "Radzymin",
  "Stary Węgrzynów": "Dąbrowa Górnicza",
  "Połchowo": "Stare Miasto",
  "Jelitów": "Ryńsk",
  "LUBAWKA": "Lubawka",
  "Strzelce Krajeńskie": "Strzelce Krajeńskie",
  "Paszczyna": "Dębica",
  "Kiełczew Smużny Czwarty": "Ślesin",
  "Lotyń": "Okonek",
  "Kosewo Górne": "Mrągowo",
  "Królewiec": "Smyków",
  "Chwiram": "Wałcz",
  "Tylewice": "Wschowa",
  "Miedziana Góra": "Miedziana Góra",
  "Lipce Reymontowskie": "Łyszkowice",
  "Złotowo": "Kruszwica",
  "Wielopole Skrzyńskie": "Wielopole Skrzyńskie",
  "Bratkowice": "Świlcza",
  "Rząśnik": "Rząśnik",
  "Wróblówka": "Czarny Dunajec",
  "Kruszyna": "Choceń",
  "Szelków": "Szelków",
  "Szadkowice Ogrodzim": "Babiak",
  "Opatów": "Łęka Opatowska",
  "NOWOGRODZIEC": "Nowa Sól",
  "Zwierzyn": "Zwierzyniec",
  "Bełchów": "Czarnocin",
  "Sądrożyce": "Twardogóra",
  "Strzelce Wielkie": "Zapolice",
  "Dwikozy": "Bodzechów",
  "Małachowice Wieś 16": "Ozorków",
  "Szpitalna Wieś": "Sztum",
  "Kuźniki": "Ostrzeszów",
  "Szudziałowo": "Szudziałowo",
  "KOŹMINIEC": "Dobrzyca",
  "Nowe Kurowo": "Stare Kurowo",
  "Gołkowice Dolne": "Stary Sącz",
  "Kisielice": "Kisielice",
  "Bytkowo": "Rokietnica",
  "Żędowice": "Zawadzkie",
  "Orneta": "Orneta",
  "Wola Uhruska": "Wola Uhruska",
  "MARIANKA MROCZEŃSKA": "Baranów",
  "Kurowice": "Starachowice",
  "Sławoborze": "Sławoborze",
  "Kowal": "Kowal",
  "Oborniki": "Oborniki",
  "Olewin": "Olkusz",
  "Pasieki": "Tomaszów Lubelski",
  "Bielnik Pierwszy": "Elbląg",
  "Rokiciny Podhalańskie": "Raba Wyżna",
  "Wolanów": "Jarosław",
  "Warzymice": "Kalisz Pomorski",
  "POGORZELICA": "Myszyniec",
  "Sztum": "Sztum",
  "Osówko": "Biskupiec",
  "Szklarska Poręba": "Stare Bogaczowice",
  "ŁAWNICA": "Mielec",
  "Lubnica": "Okonek",
  "Mysłakowice": "Mysłakowice",
  "Rzepin": "Rzepin",
  "Łukawa": "Wilczyce",
  "Kędzierzyn Koźle": "Kędzierzyn-Koźle",
  "Nowy Świętów": "Głuchołazy",
  "Garnek": "Kłomnice",
  "Barce": "Kramsk",
  "Sadłowice": "Wojciechowice",
  "ODRZYKOŃ": "Krosno",
  "Ogrodzona": "Dębowiec",
  "Prusim": "Kwilcz",
  "RYMANÓW": "Rymanów",
  "Przeczno": "Łubianka",
  "Piechcin": "Barcin",
  "Mieścisko": "Mieścisko",
  "Grzybów": "Stąporków",
  "Kijewo Szlacheckie": "Sierakowice",
  "Kozenin": "Grabica",
  "Kalety": "Kalety",
  "Miłki": "Miłki",
  "Pozezdrze": "Srokowo",
  "Wola Żyrakowska": "Żyraków",
  "Miedzna": "Miedzna",
  "Urszulin": "Urszulin",
  "Starorypin Rządowy": "Rypin",
  "Jemielnica": "Jemielnica",
  "Stręgiel": "Węgorzewo",
  "Szczawin": "Szczawin Kościelny",
  "Kuczwały": "Chełmża",
  "Leonowo": "Boniewo",
  "Kalinowice": "Zamość",
  "Niedziałki": "Rytwiany",
  "Ostrowiec": "Malechowo",
  "Rosocha": "Koronowo",
  "Włóki": "Marciszów",
  "Mnich": "Chybie",
  "Twardogóra": "Twardogóra",
  "Wietlin Trzeci": "Laszki",
  "Chomino": "Świerzno",
  "Sokolniki Suche": "Wieniawa",
  "Krzyżanów": "Krzyżanów",
  "Stany": "Bojanów",
  "SKAWA": "Maków Podhalański",
  "BARANÓW": "Baranów",
  "Warzyńcowice": "Strzeleczki",
  "Jeleniów": "Nowe Miasteczko",
  "Parsęcko": "Szczecinek",
  "Majdan Nowy": "Ulhówek",
  "LIPIE ŚLĄSKIE": "Lipie",
  "Lipie": "Lipie",
  "RACŁAWÓWKA": "Sanok",
  "Koślinka": "Sztum",
  "Ruszów-Kolonia": "Łuków",
  "Koniusza": "Koniusza",
  "Zimnodół": "Olkusz",
  "Zarzecze": "Jarosław",
  "Szczytkowice": "Trzebnica",
  "Brynica": "Łubniany",
  "LINOWIEC": "Starogard Gdański",
  "Żółkiewka-Osada": "Hańsk",
  "Pobiedziska": "Pobiedziska",
  "Szczerców": "Szczerców",
  "Kępa": "Ślesin",
  "Bukowo Morskie": "Darłowo",
  "Dobużek": "Łaszczów",
  "ŁODŹ": "Zgierz",
  "Oleszyce": "Komarów-Osada",
  "Cichawa": "Gdów",
  "Smolniki": "Iława",
  "Hedwiżyn": "Biłgoraj",
  "Sobolewo": "Zabłudów",
  "Linia": "Linia",
  "Mircze": "Hrubieszów",
  "Drobnice 81": "Wierzchlas",
  "Uciechów": "Stepnica",
  "Wielki Podleś": "Miłakowo",
  "Glinno": "Nowy Tomyśl",
  "Rydzyna": "Rydzyna",
  "Porszewice": "Pabianice",
  "Sępopol": "Sępopol",
  "Strzegom": "Strzegom",
  "Turawa": "Turawa",
  "Wiercany": "Sędziszów Małopolski",
  "Piekary": "Szczerców",
  "Babiak": "Wierzbinek",
  "Prabuty": "Kaliska",
  "Brudzeń Duży": "Brudzeń Duży",
  "Dębe Wielkie": "Dębe Wielkie",
  "Długi Kąt - Osada": "Tereszpol",
  "Wybudowanie Michałowo": "Górzno",
  "Bolesław": "Bolesławiec",
  "Biała Druga": "Błażowa",
  "Bądkowo": "Rypin",
  "Tuszów Narodowy": "Tuszów Narodowy",
  "Szczurowa": "Szczurowa",
  "Godziszka": "Buczkowice",
  "Konradów": "Blachownia",
  "Płonki": "Kurów",
  "Weronikopole": "Bralin",
  "Miedzyrzecz": "Międzyrzecz",
  "Mykanów": "Mykanów",
  "ŻARNOWIEC": "Jedlicze",
  "Bysław": "Lubiewo",
  "Chwaszczyno": "Żukowo",
  "Rynarzewo": "Wieleń",
  "Libiszów Kolonia": "Opoczno",
  "Modliborzyce": "Modliborzyce",
  "Zbylitowska Góra": "Tarnów",
  "Słupia Pod Kępnem": "Baranów",
  "Oświno": "Kobylanka",
  "Nowa Wieś Lęborska": "Nowa Wieś Lęborska",
  "Rekowo": "Bytów",
  "Kwity": "Kiwity",
  "Zakopane-Olcza": "Zakopane",
  "Michałowo": "Michałowo",
  "Korczyna": "Korczyna",
  "Świerkocin": "Grudziądz",
  "Konstancin - Jeziorna": "Stanisławów",
  "Czudec": "Czudec",
  "Krynica": "Suchożebry",
  "Miłosław": "Miłosław",
  "Goleszów": "Goleszów",
  "Krynica-Zdrój": "Dobra",
  "Słonawy": "Obrzycko",
  "Krępice": "Miękinia",
  "Jeziorko": "Nowa Słupia",
  "Działoszyn\nTrębaczew,": "Góra Kalwaria",
  "Górażdże\nChorula,": "Góra Kalwaria",
  "Celestynów\nOstrów,": "Góra Kalwaria",
  "Maków Podhalański": "Góra Kalwaria",
  "Sadlno": "Góra Kalwaria",
  "Malborsk": "Góra Kalwaria",
  "Stare Miasto k/Konina\nModła Królewska,": "Konin",
  "Kotunia": "Góra Kalwaria",
  "Izabelin\nKlaudyn,": "Góra Kalwaria",
  "Osiecznica": "Góra Kalwaria",
  "Kobierzyce\nBiskupice Podgórne,": "Góra Kalwaria",
  "Karczmiska\nKarczmiska Pierwsze,": "Góra Kalwaria",
  "Poczesna\nZawodzie,": "Góra Kalwaria",
  "Krokowa\nKartoszyno,": "Góra Kalwaria",
  "Środa Śląska\nKomorniki,": "Góra Kalwaria",
  "Lubsza\nPsary,": "Góra Kalwaria",
  "Kleszczów\nBogumiłów,": "Góra Kalwaria",
  "Pilawa\nTrąbki,": "Góra Kalwaria",
  "Kamieńsk": "Góra Kalwaria",
  "Radziemice": "Góra Kalwaria",
  "Mniszków": "Góra Kalwaria",
  "Działoszyn Trębaczew": "Góra Kalwaria",
  "Biskupiec": "Iłża",
  "Górażdże Chorula": "Góra Kalwaria",
  "Klucze Klucze-": "Warszawa",
  "Żarów": "Żarów",
  "Wąwolnica Łopatki": "Góra Kalwaria",
  "Wieleń Rosko": "Góra Kalwaria",
  "Lubień Kujawski Kaliska": "Góra Kalwaria",
  "Jeziorzany": "Tarczyn",
  "Walce": "Suchożebry",
  "Końskie Kopaniny": "Góra Kalwaria",
  "Wróblew Tubądzin": "Góra Kalwaria",
  "Kowalewo Pomorskie Wielkie Rychnowo": "Góra Kalwaria",
  "Mogielnica Kozietuły Nowe": "Góra Kalwaria",
  "Celestynów": "Zwoleń",
  "Maków Podhalański Białka": "Góra Kalwaria",
  "Myślenice Jawornik": "Góra Kalwaria",
  "Sadlno Zaryń": "Góra Kalwaria",
  "Malborsk Tragamin": "Góra Kalwaria",
  "Staszów Grzybów": "Góra Kalwaria",
  "Stare Miasto k/Konina Modła Królewska": "Konin",
  "Kotunia Kotunia": "Góra Kalwaria",
  "Gostyń Malewo": "Góra Kalwaria",
  "Izabelin Klaudyn": "Góra Kalwaria",
  "Kobierzyce Biskupice Podgórne": "Góra Kalwaria",
  "Bukowice Bukowice": "Góra Kalwaria",
  "Kleosin Ignatki": "Góra Kalwaria",
  "Strzelin Chociwel": "Góra Kalwaria",
  "Karczmiska Karczmiska Pierwsze": "Góra Kalwaria",
  "Baniocha Solec": "Góra Kalwaria",
  "Ustka Duninowo": "Góra Kalwaria",
  "Strzelin Pęcz": "Góra Kalwaria",
  "Grudziądz Lisie Kąty": "Grudziądz",
  "Poczesna Zawodzie": "Góra Kalwaria",
  "Dłutów Pawłówek": "Góra Kalwaria",
  "Zawichost Piotrowice": "Góra Kalwaria",
  "Krokowa Kartoszyno": "Góra Kalwaria",
  "Środa Śląska Komorniki": "Góra Kalwaria",
  "Stanisławów Stanisławów": "Nieporęt",
  "Lubsza Psary": "Góra Kalwaria",
  "Wilków Zagłoba": "Góra Kalwaria",
  "Kleszczów Bogumiłów": "Góra Kalwaria",
  "Żegocina Łąkta Górna": "Góra Kalwaria",
  "Grodzisk Mazowiecki Urszulin": "Góra Kalwaria",
  "Nidzica Napiwoda": "Góra Kalwaria",
  "Szydłowiec Wola Korzeniowa": "Góra Kalwaria",
  "Kłaj Targowisko": "Góra Kalwaria",
  "Nysa Radzikowice": "nieznana",
  "Sobienie Jeziory Radwanków Szlachecki": "Góra Kalwaria",
  "Środa Wielkopolska Kijewo": "Góra Kalwaria",
  "Pilawa Trąbki": "Góra Kalwaria",
  "Nowa Sucha Mizerka": "Nowa Sucha",
  "Pińczów Leszcze": "Góra Kalwaria",
  "Wola Rzędzińska Wola Rzędzińska": "Góra Kalwaria",
  "Drzewce Drzewce": "Gostynin",
  "Nowiny Sitkówka": "Góra Kalwaria",
  "Czarnożyły Opojowice": "Góra Kalwaria",
  "Raciąż Zawoda": "Góra Kalwaria",
  "Mazańcowice Mazańcowice": "Góra Kalwaria",
  "Ozorków Aleksandria": "Góra Kalwaria",
  "Kamieńsk Danielów": "Góra Kalwaria",
  "Mścice Stoisław": "Góra Kalwaria",
  "Krzyż Wielkopolski Huta Szklana": "Góra Kalwaria",
  "Tymbark Tymbark": "Góra Kalwaria",
  "Radziemice Przemęczanki": "Góra Kalwaria",
  "Olsztyn Wadąg": "Olsztyn",
  "Mniszków Owczary": "Góra Kalwaria",
  "Żołynia": "Żołynia",
  "Mizerka": "Nowa Sucha",
  "Raciążek": "Raciążek",
  "Alwernia": "Alwernia",
  "Dobrcz": "Dobrcz",
  "Leżachów": "Sieniawa",
  "Wałdowo": "Miastko",
  "Łężyce": "Wejherowo",
  "Osiedle Niewiadów": "Ujazd",
  "Porąbka Iwkowska": "Iwkowa",
  "Pustynia": "Dębica",
  "Szarów": "Kłaj",
  "Solec-Zdrój": "Solec-Zdrój",
  "Bryki": "Wysokie Mazowieckie",
  "Zabiele": "Kolno",
  "Åbyhøj": "Góra Kalwaria",
  "Olten": "Góra Kalwaria",
  "Wronki": "Wronki",
  "Hiszpania": "Góra Kalwaria",
  "Łopatki": "Wąwolnica",
  "Ligota Polska": "Oleśnica",
  "Kudowa Zdrój": "Kudowa-Zdrój",
  "Straszków": "Kłodawa",
  "Trzebiechów": "Trzebiechów",
  "Odrano-Wola": "Grodzisk Mazowiecki",
  "Łęg Kościelny": "Drobin",
  "Serniki": "Serniki",
  "Kopenhaga V": "Góra Kalwaria",
  "Aarhus C, Dania": "Góra Kalwaria",
  "Dębnica Kaszubska": "Dębnica Kaszubska",
  "Ratingen, Niemcy": "Góra Kalwaria",
  "Goszcz": "Twardogóra",
  "Kaliszkowice Ołobockie": "Kalisz",
  "Genua": "Góra Kalwaria",
  "Przecław": "Kołbaskowo",
  "Wierzbie": "Kutno",
  "Kraśniów": "Opatowiec",
  "Orzeszkowo": "Kwilcz",
  "Józefowo": "Słupca",
  "Tuszyn": "Tuszyn",
  "Ołomuniec-Řepčin, Czechy": "Góra Kalwaria",
  "Szerokie": "Lublin",
  "Rząśnia": "Rząśnia",
  "Ostrów Wlkp.": "Ostrów Wielkopolski",
  "Wojska": "Tworóg",
  "Gorzów Wlk.": "Gorzów Wielkopolski",
  "Mroczeń": "Baranów",
  "Tymienice": "Zduńska Wola",
  "Karlsruhe": "Góra Kalwaria",
  "Roma (Włochy)": "Góra Kalwaria",
  "Nordhavn": "Góra Kalwaria",
  "Wisznice": "Wisznice",
  "Wysocko": "Złotoryja",
  "Męcina": "Limanowa",
  "Courbevoie, Francja": "Góra Kalwaria",
  "Rzym": "Góra Kalwaria",
  "Praha": "Warszawa",
  "Jacewo": "Inowrocław",
  "Bierzwienna Długa-Kolonia": "Kłodawa",
  "Moravská Ostrava, Republika Czeska": "Góra Kalwaria",
  "Zug, Szwajcaria": "Góra Kalwaria",
  "Sochocin": "Sochocin",
  "Żarki-Letnisko": "Poraj",
  "Zabierzów": "Zabierzów",
  "Glinojeck": "Glinojeck",
  "Maastricht-Airport": "Góra Kalwaria",
  "BIAŁY DWÓR": "Koźmin Wielkopolski",
  "Piaski": "Piaski",
  "Dębogórze": "Kosakowo",
  "Espoo": "Góra Kalwaria",
  "Krsko, Slovenia": "Góra Kalwaria",
  "Wyczechy": "Czarne",
  "Grabówno": "Miasteczko Krajeńskie",
  "Międzyrzec Podlaski": "Międzyrzec Podlaski",
  "RYCZYWÓŁ": "Ryczywół",
  "Wełecz": "Busko-Zdrój",
  "Bielsk": "Bielsko-Biała",
  "NH Amsterdam": "Warszawa",
  "Cieplówek": "Łagów",
  "Zagórów": "Zagórów",
  "Arłamów": "Bircza",
  "Bilno": "Lubień Kujawski",
  "Żarnowica Duża": "Wolbórz",
  "Kamienna Stara": "Dąbrowa Białostocka",
  "KAMIENIEC ZĄBKOWICKI": "Kamieniec Ząbkowicki",
  "Kuków": "Stryszawa",
  "Kramsk": "Kramsk",
  "STRYKÓW": "Stryków",
  "Krasne": "Krasne",
  "Mysłowice": "Mysłowice",
  "Wałsnów": "Orońsko",
  "Lipniki Stare": "Pułtusk",
  "STRZELIN": "Strzelin",
  "Hermanów": "Pabianice",
  "Czosnów": "Czosnów",
  "Wałrzych": "nieznana",
  "Szwecja": "Wałcz",
  "Makowiska": "Pajęczno",
  "Szczepanki": "Łasin",
  "Budapest, Węgry": "Góra Kalwaria",
  "Kolonia": "Glinojeck",
  "Aalborg Øst": "Góra Kalwaria",
  "Luzino": "Luzino",
  "Aalborg": "Góra Kalwaria",
  "Leiden": "Warszawa",
  "Zürich": "Góra Kalwaria",
  "Przypisówka": "Firlej",
  "Leipzig": "Góra Kalwaria",
  "Przyrów": "Przyrów",
  "Człekówka": "Kołbiel",
  "Błaszki": "Błaszki",
  "Wola Batorska": "Niepołomice",
  "Mościenica": "Kórnik",
  "Niedźwiady": "Żelazków",
  "Koczergi": "Parczew",
  "Wojciechówka": "Żelazków",
  "Smolice": "Grabów",
  "Borowo": "Rogowo",
  "Promnik": "Strawczyn",
  "Szwarcenowo": "Biskupiec",
  "Florianów": "Zgierz",
  "Żółwiniec": "Wierzbinek",
  "Godów": "Pawłów",
  "Dęby Szlacheckie": "Osiek Mały",
  "Genewa": "Góra Kalwaria",
  "Ryga": "Góra Kalwaria",
  "Poledno": "Bukowiec",
  "Steinhausen": "Góra Kalwaria",
  "Pieńkowo": "Postomino",
  "Zdunowo": "Załuski",
  "Komorów": "Świdnica",
  "Staniszcze Wielkie": "Kolonowskie",
  "Louny": "Góra Kalwaria",
  "Mutowo": "Szamotuły",
  "Düsseldorf, Niemcy": "Góra Kalwaria",
  "Wiele": "Mrocza",
  "Grabanów": "Biała Podlaska",
  "København K": "Góra Kalwaria",
  "Przemięczanki": "Dobra",
  "Kleinostheim,Niemcy": "Góra Kalwaria",
  "Düsseldorf": "Góra Kalwaria",
  "Mediolan": "Góra Kalwaria",
  "Chrośna": "Solec Kujawski",
  "Visselhovede": "Góra Kalwaria",
  "Bogumiłowice": "Wierzchosławice",
  "KOŁODZIEJOWY GRAD": "Wielbark",
  "Kobylnica": "Kobylnica",
  "Stasin 13": "Długosiodło",
  "Jastrowie": "Jastrowie",
  "Radzionków": "Radzionków",
  "Watorowo": "Kijewo Królewskie",
  "Górażdże": "Góra Kalwaria",
  "Rogowiec k/Bełchatowa": "Góra Kalwaria",
  "Gorzów Wlkp": "Góra Kalwaria",
  "Pustków-Osiedle": "Góra Kalwaria",
  "Puławy. pulawy.grupaazoty.com+1": "Góra Kalwaria",
  "Wrocław. zael.com.pl+1": "Wrocław",
  "Bytom. energostrefa.pl+1": "Bytom",
  "Gorzyce. Federal-Mogul+1": "Góra Kalwaria",
  "Mikołów. FPM S.A.+1": "Góra Kalwaria",
  "Jelenia Góra. ecosa.pl+1": "Jelenia Góra",
  "Bełchatów. pgegiek.pl+1": "Góra Kalwaria",
  "Wrocław. Dozamel+1": "Wrocław",
  "Mielec. Elektrociepłownia Mielec Sp. z o.o.+1": "Mielec",
  "Warszawa. Power21 - Energia elektryczna dla firmy+1": "Warszawa",
  "Warszawa. grupaenergiage.pl": "Warszawa",
  "Gliwice. site:site_title+1": "Gliwice",
  "Warszawa; biuro/kontakt: ul. Chorzowska 109A, 40-101 Katowice. Krs Pobierz+1": "Warszawa",
  "Mielec. Energia Euro Park+1": "Mielec",
  "Warszawa. plusenergia.pl": "Warszawa",
  "Świdnik. pzlswidnik.pl": "Góra Kalwaria",
  "Zawiercie. broenergia.pl+1": "Góra Kalwaria",
  "Wrocław. Pal Energia+1": "Wrocław",
  "Nowy Dwór Mazowiecki. energetyka.nowydwormaz.pl+1": "Góra Kalwaria",
  "Warszawa. boryszew.com.pl+1": "Warszawa",
  "Opole. ecosa.pl+1": "Góra Kalwaria",
  "Częstochowa. Polontex S.A.+1": "Częstochowa",
  "Bielsko-Biała. edisonnext.pl+1": "Bielsko-Biała",
  "Zawiercie. CMC": "Góra Kalwaria",
  "Staszów. siarkopol.grupaazoty.com": "Góra Kalwaria",
  "Łódź. tbenergia.pl": "Łódź",
  "Warszawa. Krs Pobierz": "Warszawa",
  "Legionowo. pec.com.pl+1": "Góra Kalwaria",
  "Warszawa. grupaenergiaobrotge.pl": "Warszawa",
  "Wrocław pal-energia.pl / KRS-pobierz": "Wrocław",
  "Boleszyn dystrybucja.biogal.pl / KRS-pobierz": "Góra Kalwaria",
  "Poznań; ul. Ignacego Łukasiewicza 2, 64-500 Szamotuły kogeneracja-szamotuly.pl / kogeneracjazachod.pl": "Poznań",
  "Wrocław side-energia.pl / KRS-pobierz": "Wrocław",
  "Warszawa figene-energia.pl / KRS-pobierz": "Warszawa",
  "Gdańsk grupa.energa.pl": "Gdańsk",
  "Trębaczew wartasa.com.pl / KRS-pobierz": "Góra Kalwaria",
  "Rawicz KRS-pobierz / aleo.com": "Góra Kalwaria",
  "Gorzów Wlkp. rseoperator.pl / ebok.rseoperator.pl": "Góra Kalwaria",
  "Warszawa; ul. Odlewników 20, 42-202 Częstochowa zarmengpp.pl": "Warszawa",
  "Warszawa axpo.com": "Warszawa",
  "Katowice grupaenergianovage.pl / KRS-pobierz": "Katowice",
  "Gdańsk fortum.pl": "Gdańsk",
  "Chorzów ce-operator.pl / imsig.pl": "Góra Kalwaria",
  "Katowice cieplo.tauron.pl / BIP": "Katowice",
  "Warszawa ienenergy.pl / KRS-pobierz": "Warszawa",
  "Częstochowa unimot.pl / oneplace.marketplanet.pl": "Częstochowa",
  "Wrocław krs-online.com.pl": "Wrocław",
  "Kleosin": "Białystok",
  "Kielnarowa": "Świlcza",
  "Łąkorz": "Biskupiec",
  "Bierzwnik": "Bierzwnik",
  "CHORZELÓW": "Tuszów Narodowy",
  "Nowosielce": "Nozdrzec",
  "HADLE SZKLARSKIE": "Jawornik Polski",
  "Borek Stary": "Tyczyn",
  "Izdebki": "Nozdrzec",
  "Walew": "Daszyna",
  "Rososzyca": "Sieroszewice",
  "Międzyrzecze Dolne": "Jasienica",
  "Szczyrk": "Szczyrk",
  "Kąkolewo": "Osieczna",
  "Grodzki Młyn": "Reszel",
  "Krąplewice": "Jeżewo",
  "Siekierki Wielkie": "Kostrzyn",
  "Święcice": "Ożarów Mazowiecki",
  "Pilzno": "Pilzno",
  "SZULEC": "Opatówek",
  "Nagradowice": "Kleszczewo",
  "Świątkowizna": "Lubanie",
  "Zahajki": "Cyców",
  "Kieźliny": "Dywity",
  "Komorowo": "Ostrów Mazowiecka",
  "Świlcza": "nieznana",
  "Wieczyn": "Czermin",
  "Donaborów": "Byczyna",
  "Grabowno Wielkie": "Twardogóra",
  "Huta Nowa": "Zawidz",
  "Bytów": "Bytów",
  "Budziska": "Mrągowo",
  "Łomczewo": "Okonek",
  "BRZOZÓWKA": "Nowa Dęba",
  "Rudki": "Poznań",
  "Ciepielowice": "Głubczyce",
  "Wołów": "Wołów",
  "Ładzice": "Ładzice",
  "Dolsk": "Dolsk",
  "Babimost": "Babimost",
  "Samborzec": "Samborzec",
  "Pęzino": "Stargard",
  "Stara Łomża przy Szosie": "Nowogród",
  "Żurowa": "Szerzyny",
  "Kaźmierz": "Kaźmierz",
  "LIPSKO": "Lipsko",
  "Cekanowo": "Załuski",
  "Giebułtów": "Wielka Wieś",
  "Bieleckie Młyny": "Morawica",
  "Bielany Wrocławskie": "Wrocław",
  "Dołuje": "Dobra (Szczecińska)",
  "Głowno": "Głowno",
  "Mostki": "Lubrza",
  "Psarskie": "Śrem",
  "Jasienica Rosielna": "Jasienica Rosielna",
  "Jordanów": "Jordanów",
  "PŁONKÓWKO": "Toruń",
  "Niepruszewo": "Buk",
  "Niałek Wielki": "Wolsztyn",
  "Świbie": "Wielowieś",
  "WIDZINO": "Kobylnica",
  "Lutomek": "Sieraków",
  "Grzybno": "Kikół",
  "Kunice": "Kunice",
  "Jaśkowice": "Zbrosławice",
  "KUKLINÓW": "Nowe Piekuty",
  "BOBOWA": "Osiek Jasielski",
  "Bezrzecze": "Nowa Wieś Lęborska",
  "Izabelów": "Żarów",
  "Skaryszew": "Skaryszew",
  "Szepietowo": "Szepietowo",
  "Chocianów": "Chocianów",
  "Kawczyn": "Miastko",
  "Borzykowo": "Gniewkowo",
  "Łoziska": "Kamionka",
  "Kargowa": "Kargowa",
  "Biskupice": "Pobiedziska",
  "Kiełpin": "Grudziądz",
  "Baniewice": "Banie",
  "Biecz": "Biecz",
  "Godkowo": "Godkowo"
}